Callsign,RemainingSummits
GM5ALX/P,"['GM/CS-105', 'GM/CS-112', 'GM/CS-009', 'GM/CS-088', 'GM/ES-052', 'GM/WS-271', 'GM/ES-053', 'GM/CS-086', 'GM/CS-061', 'GM/ES-078', 'GM/CS-020', 'GM/ES-038', 'GM/CS-014', 'GM/CS-092', 'GM/ES-009', 'GM/CS-037', 'GM/ES-022', 'GM/ES-046', 'GM/CS-046', 'GM/ES-026', 'GM/CS-031', 'GM/CS-078', 'GM/CS-091', 'GM/WS-277', 'GM/ES-074', 'GM/ES-010', 'GM/CS-051', 'GM/CS-011', 'GM/CS-069', 'GM/CS-045', 'GM/ES-017', 'GM/ES-067', 'GM/CS-039', 'GM/CS-111', 'GM/CS-060', 'GM/CS-028', 'GM/ES-055', 'GM/CS-003', 'GM/CS-023', 'GM/ES-049', 'GM/ES-002', 'GM/CS-095', 'GM/CS-027', 'GM/CS-022', 'GM/ES-025', 'GM/CS-057', 'GM/ES-029', 'GM/CS-024', 'GM/CS-029', 'GM/ES-027', 'GM/ES-088', 'GM/ES-024', 'GM/CS-035', 'GM/ES-015', 'GM/CS-084', 'GM/CS-036', 'GM/ES-003', 'GM/ES-066']"
MM0EFI/P,"['GM/CS-078', 'GM/WS-277', 'GM/CS-095', 'GM/CS-057', 'GM/CS-069', 'GM/CS-088', 'GM/CS-037', 'GM/CS-092', 'GM/WS-271', 'GM/CS-086']"
MM7RVC,"['GM/ES-006', 'GM/CS-009', 'GM/CS-088', 'GM/ES-012', 'GM/ES-052', 'GM/WS-271', 'GM/CS-086', 'GM/ES-043', 'GM/ES-050', 'GM/CS-061', 'GM/ES-008', 'GM/ES-038', 'GM/CS-014', 'GM/ES-046', 'GM/CS-046', 'GM/WS-277', 'GM/ES-030', 'GM/CS-011', 'GM/ES-011', 'GM/ES-042', 'GM/ES-019', 'GM/ES-017', 'GM/CS-039', 'GM/ES-014', 'GM/CS-060', 'GM/CS-028', 'GM/ES-002', 'GM/CS-022', 'GM/ES-040', 'GM/CS-077', 'GM/ES-029', 'GM/CS-084', 'GM/CS-036', 'GM/CS-105', 'GM/ES-005', 'GM/CS-112', 'GM/ES-007', 'GM/ES-023', 'GM/ES-004', 'GM/ES-078', 'GM/CS-020', 'GM/CS-092', 'GM/ES-009', 'GM/CS-037', 'GM/ES-022', 'GM/ES-028', 'GM/ES-026', 'GM/CS-031', 'GM/CS-078', 'GM/CS-091', 'GM/ES-074', 'GM/ES-010', 'GM/CS-051', 'GM/CS-069', 'GM/CS-045', 'GM/ES-067', 'GM/CS-111', 'GM/ES-055', 'GM/CS-003', 'GM/CS-023', 'GM/CS-095', 'GM/CS-027', 'GM/CS-038', 'GM/ES-025', 'GM/CS-057', 'GM/CS-024', 'GM/CS-029', 'GM/ES-027', 'GM/ES-088', 'GM/ES-024', 'GM/CS-035', 'GM/ES-015', 'GM/ES-003', 'GM/ES-066']"
MM0VPM,"['GM/ES-036', 'GM/CS-088', 'GM/ES-052', 'GM/WS-271', 'GM/CS-086', 'GM/ES-043', 'GM/ES-050', 'GM/CS-061', 'GM/ES-008', 'GM/ES-038', 'GM/ES-046', 'GM/CS-046', 'GM/WS-277', 'GM/ES-030', 'GM/ES-011', 'GM/ES-042', 'GM/ES-019', 'GM/ES-017', 'GM/CS-039', 'GM/ES-014', 'GM/CS-060', 'GM/CS-028', 'GM/ES-049', 'GM/ES-040', 'GM/CS-077', 'GM/ES-029', 'GM/CS-084', 'GM/CS-105', 'GM/ES-005', 'GM/CS-112', 'GM/ES-053', 'GM/ES-023', 'GM/ES-078', 'GM/CS-092', 'GM/ES-034', 'GM/CS-037', 'GM/ES-018', 'GM/ES-028', 'GM/ES-026', 'GM/CS-031', 'GM/CS-078', 'GM/CS-091', 'GM/ES-074', 'GM/ES-010', 'GM/CS-051', 'GM/CS-069', 'GM/CS-045', 'GM/ES-067', 'GM/CS-111', 'GM/ES-055', 'GM/CS-023', 'GM/CS-095', 'GM/CS-027', 'GM/CS-038', 'GM/ES-025', 'GM/CS-057', 'GM/CS-024', 'GM/ES-027', 'GM/ES-088', 'GM/ES-024', 'GM/CS-035', 'GM/ES-015', 'GM/ES-066']"
GM0GAV/P,"['GM/CS-105', 'GM/CS-112', 'GM/CS-088', 'GM/ES-052', 'GM/WS-271', 'GM/ES-053', 'GM/CS-086', 'GM/ES-023', 'GM/ES-050', 'GM/CS-061', 'GM/ES-078', 'GM/ES-038', 'GM/CS-092', 'GM/ES-034', 'GM/ES-046', 'GM/CS-046', 'GM/ES-026', 'GM/CS-091', 'GM/WS-277', 'GM/ES-074', 'GM/ES-030', 'GM/CS-069', 'GM/ES-019', 'GM/ES-067', 'GM/CS-111', 'GM/ES-049', 'GM/CS-095', 'GM/ES-040', 'GM/CS-057', 'GM/ES-029', 'GM/ES-024', 'GM/ES-027', 'GM/CS-084', 'GM/ES-066']"
MM0IVR/P,"['GM/ES-006', 'GM/ES-036', 'GM/CS-009', 'GM/CS-088', 'GM/ES-012', 'GM/ES-052', 'GM/WS-271', 'GM/CS-086', 'GM/ES-043', 'GM/ES-050', 'GM/CS-061', 'GM/ES-038', 'GM/CS-014', 'GM/ES-046', 'GM/CS-046', 'GM/WS-277', 'GM/ES-030', 'GM/ES-011', 'GM/ES-042', 'GM/ES-019', 'GM/ES-017', 'GM/CS-039', 'GM/ES-014', 'GM/CS-060', 'GM/CS-028', 'GM/ES-049', 'GM/ES-002', 'GM/CS-022', 'GM/ES-040', 'GM/CS-077', 'GM/ES-029', 'GM/CS-084', 'GM/CS-036', 'GM/CS-105', 'GM/ES-005', 'GM/CS-112', 'GM/ES-013', 'GM/ES-007', 'GM/ES-053', 'GM/ES-023', 'GM/ES-004', 'GM/ES-078', 'GM/CS-020', 'GM/CS-092', 'GM/ES-034', 'GM/CS-037', 'GM/ES-018', 'GM/ES-022', 'GM/ES-028', 'GM/ES-026', 'GM/CS-078', 'GM/CS-091', 'GM/ES-074', 'GM/ES-010', 'GM/CS-051', 'GM/CS-069', 'GM/CS-045', 'GM/ES-067', 'GM/CS-111', 'GM/ES-055', 'GM/CS-003', 'GM/CS-023', 'GM/CS-095', 'GM/CS-027', 'GM/CS-038', 'GM/ES-025', 'GM/CS-057', 'GM/CS-030', 'GM/CS-024', 'GM/ES-088', 'GM/ES-024', 'GM/CS-035', 'GM/ES-015', 'GM/ES-003', 'GM/ES-066']"
GM4BML/P,"['GM/ES-006', 'GM/ES-036', 'GM/CS-009', 'GM/CS-088', 'GM/ES-012', 'GM/ES-052', 'GM/WS-271', 'GM/CS-086', 'GM/ES-043', 'GM/ES-050', 'GM/CS-061', 'GM/ES-008', 'GM/ES-038', 'GM/CS-014', 'GM/ES-046', 'GM/WS-277', 'GM/ES-030', 'GM/CS-011', 'GM/ES-011', 'GM/ES-042', 'GM/ES-019', 'GM/ES-017', 'GM/CS-039', 'GM/ES-014', 'GM/CS-060', 'GM/CS-028', 'GM/ES-049', 'GM/ES-002', 'GM/CS-022', 'GM/ES-040', 'GM/CS-077', 'GM/ES-029', 'GM/CS-036', 'GM/CS-105', 'GM/CS-112', 'GM/ES-007', 'GM/ES-053', 'GM/ES-023', 'GM/ES-004', 'GM/ES-078', 'GM/CS-020', 'GM/CS-092', 'GM/ES-034', 'GM/ES-009', 'GM/CS-037', 'GM/ES-018', 'GM/ES-022', 'GM/ES-028', 'GM/ES-026', 'GM/CS-031', 'GM/CS-078', 'GM/CS-091', 'GM/ES-074', 'GM/ES-010', 'GM/CS-051', 'GM/CS-069', 'GM/CS-045', 'GM/ES-067', 'GM/CS-111', 'GM/ES-055', 'GM/CS-003', 'GM/CS-023', 'GM/CS-095', 'GM/CS-027', 'GM/CS-038', 'GM/ES-025', 'GM/CS-057', 'GM/CS-030', 'GM/CS-024', 'GM/CS-029', 'GM/ES-027', 'GM/ES-088', 'GM/ES-024', 'GM/CS-035', 'GM/ES-015', 'GM/ES-003', 'GM/ES-066']"
GM7WKX/P,"['GM/ES-006', 'GM/ES-036', 'GM/CS-088', 'GM/ES-012', 'GM/ES-052', 'GM/WS-271', 'GM/CS-086', 'GM/ES-043', 'GM/ES-050', 'GM/CS-061', 'GM/ES-008', 'GM/ES-038', 'GM/CS-014', 'GM/ES-046', 'GM/CS-046', 'GM/WS-277', 'GM/ES-030', 'GM/ES-011', 'GM/ES-042', 'GM/ES-019', 'GM/ES-017', 'GM/ES-014', 'GM/CS-060', 'GM/CS-028', 'GM/ES-049', 'GM/ES-002', 'GM/ES-040', 'GM/CS-077', 'GM/ES-029', 'GM/CS-084', 'GM/CS-036', 'GM/CS-105', 'GM/ES-005', 'GM/CS-112', 'GM/ES-013', 'GM/ES-007', 'GM/ES-053', 'GM/ES-023', 'GM/ES-004', 'GM/ES-078', 'GM/CS-020', 'GM/CS-092', 'GM/ES-034', 'GM/ES-009', 'GM/CS-037', 'GM/ES-018', 'GM/ES-022', 'GM/ES-028', 'GM/ES-026', 'GM/CS-031', 'GM/CS-078', 'GM/CS-091', 'GM/ES-074', 'GM/ES-010', 'GM/CS-051', 'GM/CS-069', 'GM/CS-045', 'GM/ES-067', 'GM/CS-111', 'GM/ES-055', 'GM/CS-003', 'GM/CS-023', 'GM/CS-095', 'GM/CS-027', 'GM/CS-038', 'GM/ES-025', 'GM/CS-057', 'GM/CS-030', 'GM/CS-024', 'GM/ES-027', 'GM/ES-088', 'GM/ES-024', 'GM/CS-035', 'GM/ES-015', 'GM/ES-003', 'GM/ES-066']"
MM/SQ9MDF/P,"['GM/ES-006', 'GM/ES-036', 'GM/CS-009', 'GM/CS-088', 'GM/ES-012', 'GM/ES-052', 'GM/WS-271', 'GM/CS-086', 'GM/ES-043', 'GM/ES-050', 'GM/CS-061', 'GM/ES-008', 'GM/ES-038', 'GM/CS-014', 'GM/ES-046', 'GM/CS-046', 'GM/WS-277', 'GM/ES-030', 'GM/CS-011', 'GM/ES-011', 'GM/ES-042', 'GM/ES-019', 'GM/ES-017', 'GM/CS-039', 'GM/ES-014', 'GM/CS-060', 'GM/CS-028', 'GM/ES-049', 'GM/ES-002', 'GM/CS-022', 'GM/ES-040', 'GM/CS-077', 'GM/ES-029', 'GM/CS-084', 'GM/CS-036', 'GM/CS-105', 'GM/CS-112', 'GM/ES-013', 'GM/ES-007', 'GM/ES-053', 'GM/ES-023', 'GM/ES-004', 'GM/ES-078', 'GM/CS-020', 'GM/CS-092', 'GM/ES-034', 'GM/ES-009', 'GM/CS-037', 'GM/ES-018', 'GM/ES-022', 'GM/ES-028', 'GM/ES-026', 'GM/CS-031', 'GM/CS-078', 'GM/CS-091', 'GM/ES-010', 'GM/CS-051', 'GM/CS-069', 'GM/CS-045', 'GM/ES-067', 'GM/CS-111', 'GM/ES-055', 'GM/CS-003', 'GM/CS-023', 'GM/CS-095', 'GM/CS-027', 'GM/CS-038', 'GM/ES-025', 'GM/CS-057', 'GM/CS-030', 'GM/CS-024', 'GM/CS-029', 'GM/ES-027', 'GM/ES-088', 'GM/ES-024', 'GM/CS-035', 'GM/ES-015', 'GM/ES-003', 'GM/ES-066']"
MM/HB9IAB/P,"['GM/ES-006', 'GM/ES-036', 'GM/CS-009', 'GM/CS-088', 'GM/ES-012', 'GM/ES-052', 'GM/WS-271', 'GM/CS-086', 'GM/ES-043', 'GM/ES-050', 'GM/CS-061', 'GM/ES-008', 'GM/ES-038', 'GM/CS-014', 'GM/ES-046', 'GM/CS-046', 'GM/WS-277', 'GM/ES-030', 'GM/CS-011', 'GM/ES-011', 'GM/ES-042', 'GM/ES-019', 'GM/ES-017', 'GM/CS-039', 'GM/ES-014', 'GM/CS-060', 'GM/CS-028', 'GM/ES-049', 'GM/ES-002', 'GM/CS-022', 'GM/ES-040', 'GM/CS-077', 'GM/ES-029', 'GM/CS-084', 'GM/CS-036', 'GM/CS-105', 'GM/ES-005', 'GM/CS-112', 'GM/ES-013', 'GM/ES-007', 'GM/ES-053', 'GM/ES-023', 'GM/ES-004', 'GM/ES-078', 'GM/CS-020', 'GM/CS-092', 'GM/ES-034', 'GM/ES-009', 'GM/CS-037', 'GM/ES-018', 'GM/ES-022', 'GM/ES-028', 'GM/ES-026', 'GM/CS-031', 'GM/CS-078', 'GM/CS-091', 'GM/ES-074', 'GM/ES-010', 'GM/CS-051', 'GM/CS-069', 'GM/CS-045', 'GM/ES-067', 'GM/CS-111', 'GM/ES-055', 'GM/CS-003', 'GM/CS-023', 'GM/CS-095', 'GM/CS-027', 'GM/CS-038', 'GM/ES-025', 'GM/CS-057', 'GM/CS-030', 'GM/CS-024', 'GM/CS-029', 'GM/ES-027', 'GM/ES-088', 'GM/ES-024', 'GM/CS-035', 'GM/ES-015', 'GM/ES-003', 'GM/ES-066']"
GM0EVV/P,"['GM/ES-006', 'GM/ES-036', 'GM/CS-009', 'GM/CS-088', 'GM/ES-012', 'GM/ES-052', 'GM/WS-271', 'GM/CS-086', 'GM/ES-043', 'GM/ES-050', 'GM/CS-061', 'GM/ES-008', 'GM/ES-038', 'GM/CS-014', 'GM/ES-046', 'GM/CS-046', 'GM/WS-277', 'GM/ES-030', 'GM/CS-011', 'GM/ES-011', 'GM/ES-042', 'GM/ES-019', 'GM/ES-017', 'GM/CS-039', 'GM/ES-014', 'GM/CS-060', 'GM/CS-028', 'GM/ES-049', 'GM/CS-022', 'GM/ES-040', 'GM/CS-077', 'GM/ES-029', 'GM/CS-084', 'GM/CS-036', 'GM/CS-105', 'GM/ES-005', 'GM/CS-112', 'GM/ES-013', 'GM/ES-007', 'GM/ES-053', 'GM/ES-023', 'GM/ES-004', 'GM/ES-078', 'GM/CS-020', 'GM/CS-092', 'GM/ES-034', 'GM/ES-009', 'GM/CS-037', 'GM/ES-018', 'GM/ES-022', 'GM/ES-028', 'GM/ES-026', 'GM/CS-031', 'GM/CS-078', 'GM/CS-091', 'GM/ES-074', 'GM/ES-010', 'GM/CS-051', 'GM/CS-069', 'GM/CS-045', 'GM/ES-067', 'GM/CS-111', 'GM/ES-055', 'GM/CS-003', 'GM/CS-023', 'GM/CS-095', 'GM/CS-027', 'GM/CS-038', 'GM/ES-025', 'GM/CS-057', 'GM/CS-030', 'GM/CS-024', 'GM/CS-029', 'GM/ES-027', 'GM/ES-088', 'GM/ES-024', 'GM/CS-035', 'GM/ES-015', 'GM/ES-003', 'GM/ES-066']"
MM0TAI,"['GM/ES-006', 'GM/ES-036', 'GM/CS-009', 'GM/CS-088', 'GM/ES-012', 'GM/ES-052', 'GM/CS-086', 'GM/ES-043', 'GM/ES-050', 'GM/CS-061', 'GM/ES-008', 'GM/CS-014', 'GM/ES-046', 'GM/CS-046', 'GM/WS-277', 'GM/ES-030', 'GM/CS-011', 'GM/ES-011', 'GM/ES-042', 'GM/ES-019', 'GM/CS-039', 'GM/ES-014', 'GM/CS-060', 'GM/CS-028', 'GM/ES-049', 'GM/ES-002', 'GM/CS-022', 'GM/ES-040', 'GM/CS-077', 'GM/ES-029', 'GM/CS-084', 'GM/CS-036', 'GM/CS-105', 'GM/ES-005', 'GM/CS-112', 'GM/ES-013', 'GM/ES-007', 'GM/ES-053', 'GM/ES-023', 'GM/ES-004', 'GM/ES-078', 'GM/CS-020', 'GM/CS-092', 'GM/ES-034', 'GM/CS-037', 'GM/ES-018', 'GM/ES-022', 'GM/ES-028', 'GM/ES-026', 'GM/CS-031', 'GM/CS-051', 'GM/CS-069', 'GM/CS-045', 'GM/ES-067', 'GM/CS-111', 'GM/ES-055', 'GM/CS-003', 'GM/CS-023', 'GM/CS-095', 'GM/CS-027', 'GM/CS-038', 'GM/ES-025', 'GM/CS-057', 'GM/CS-030', 'GM/CS-024', 'GM/CS-029', 'GM/ES-088', 'GM/ES-024', 'GM/CS-035', 'GM/ES-015', 'GM/ES-003', 'GM/ES-066']"
GM4YSS/P,"['GM/ES-006', 'GM/ES-036', 'GM/CS-009', 'GM/CS-088', 'GM/ES-012', 'GM/ES-052', 'GM/WS-271', 'GM/CS-086', 'GM/ES-043', 'GM/ES-050', 'GM/CS-061', 'GM/ES-008', 'GM/ES-038', 'GM/CS-014', 'GM/ES-046', 'GM/CS-046', 'GM/WS-277', 'GM/ES-030', 'GM/CS-011', 'GM/ES-011', 'GM/ES-042', 'GM/ES-019', 'GM/ES-017', 'GM/CS-039', 'GM/ES-014', 'GM/CS-060', 'GM/CS-028', 'GM/ES-049', 'GM/ES-002', 'GM/CS-022', 'GM/ES-040', 'GM/CS-077', 'GM/ES-029', 'GM/CS-084', 'GM/CS-036', 'GM/CS-105', 'GM/ES-005', 'GM/CS-112', 'GM/ES-013', 'GM/ES-007', 'GM/ES-053', 'GM/ES-023', 'GM/ES-004', 'GM/ES-078', 'GM/CS-020', 'GM/CS-092', 'GM/ES-034', 'GM/ES-009', 'GM/CS-037', 'GM/ES-018', 'GM/ES-022', 'GM/ES-028', 'GM/ES-026', 'GM/CS-031', 'GM/CS-078', 'GM/CS-091', 'GM/ES-074', 'GM/ES-010', 'GM/CS-051', 'GM/CS-069', 'GM/CS-045', 'GM/ES-067', 'GM/CS-111', 'GM/ES-055', 'GM/CS-003', 'GM/CS-023', 'GM/CS-095', 'GM/CS-027', 'GM/CS-038', 'GM/ES-025', 'GM/CS-057', 'GM/CS-030', 'GM/CS-024', 'GM/CS-029', 'GM/ES-027', 'GM/ES-088', 'GM/ES-024', 'GM/CS-035', 'GM/ES-015', 'GM/ES-003', 'GM/ES-066']"
GM7PKT/P,"['GM/ES-006', 'GM/ES-046', 'GM/ES-026', 'GM/ES-050', 'GM/ES-005', 'GM/ES-004', 'GM/ES-078', 'GM/ES-025', 'GM/ES-011', 'GM/CS-024', 'GM/ES-042', 'GM/ES-088', 'GM/ES-067', 'GM/CS-045', 'GM/ES-015', 'GM/CS-060', 'GM/ES-055', 'GM/CS-027']"
MM0GYX/P,"['GM/ES-006', 'GM/ES-036', 'GM/CS-009', 'GM/CS-088', 'GM/ES-012', 'GM/WS-271', 'GM/CS-086', 'GM/ES-043', 'GM/ES-050', 'GM/CS-061', 'GM/CS-014', 'GM/ES-046', 'GM/CS-046', 'GM/WS-277', 'GM/ES-030', 'GM/CS-011', 'GM/ES-011', 'GM/ES-042', 'GM/ES-017', 'GM/CS-039', 'GM/ES-014', 'GM/CS-060', 'GM/CS-028', 'GM/ES-049', 'GM/CS-022', 'GM/ES-040', 'GM/CS-077', 'GM/CS-084', 'GM/CS-036', 'GM/CS-105', 'GM/ES-005', 'GM/CS-112', 'GM/ES-013', 'GM/ES-007', 'GM/ES-053', 'GM/ES-023', 'GM/ES-004', 'GM/ES-078', 'GM/CS-020', 'GM/CS-092', 'GM/ES-034', 'GM/ES-009', 'GM/CS-037', 'GM/ES-018', 'GM/ES-022', 'GM/ES-028', 'GM/ES-026', 'GM/CS-031', 'GM/CS-078', 'GM/CS-091', 'GM/ES-074', 'GM/ES-010', 'GM/CS-051', 'GM/CS-069', 'GM/CS-045', 'GM/ES-067', 'GM/CS-111', 'GM/ES-055', 'GM/CS-003', 'GM/CS-023', 'GM/CS-095', 'GM/CS-027', 'GM/CS-038', 'GM/ES-025', 'GM/CS-057', 'GM/CS-030', 'GM/CS-024', 'GM/CS-029', 'GM/ES-088', 'GM/ES-024', 'GM/CS-035', 'GM/ES-015', 'GM/ES-066']"
MM0YCJ/P,"['GM/CS-112', 'GM/ES-078', 'GM/ES-066']"
MM0ROV/P,"['GM/CS-105', 'GM/CS-112', 'GM/CS-009', 'GM/CS-088', 'GM/WS-271', 'GM/CS-086', 'GM/CS-061', 'GM/CS-020', 'GM/CS-014', 'GM/CS-092', 'GM/CS-037', 'GM/CS-046', 'GM/CS-031', 'GM/CS-078', 'GM/CS-091', 'GM/WS-277', 'GM/CS-051', 'GM/CS-011', 'GM/CS-069', 'GM/CS-045', 'GM/CS-111', 'GM/CS-039', 'GM/CS-028', 'GM/CS-095', 'GM/CS-003', 'GM/CS-023', 'GM/CS-027', 'GM/CS-022', 'GM/CS-077', 'GM/CS-038', 'GM/CS-057', 'GM/CS-030', 'GM/CS-024', 'GM/CS-029', 'GM/ES-088', 'GM/CS-035', 'GM/CS-084', 'GM/CS-036']"
MM0ECU/P,"['GM/ES-006', 'GM/ES-036', 'GM/CS-009', 'GM/CS-088', 'GM/ES-012', 'GM/ES-052', 'GM/WS-271', 'GM/CS-086', 'GM/ES-043', 'GM/ES-050', 'GM/CS-061', 'GM/ES-008', 'GM/ES-038', 'GM/CS-014', 'GM/ES-046', 'GM/CS-046', 'GM/WS-277', 'GM/ES-030', 'GM/CS-011', 'GM/ES-011', 'GM/ES-042', 'GM/ES-019', 'GM/ES-017', 'GM/CS-039', 'GM/ES-014', 'GM/CS-060', 'GM/CS-028', 'GM/ES-049', 'GM/ES-002', 'GM/CS-022', 'GM/ES-040', 'GM/CS-077', 'GM/ES-029', 'GM/CS-084', 'GM/CS-036', 'GM/CS-105', 'GM/ES-005', 'GM/CS-112', 'GM/ES-013', 'GM/ES-007', 'GM/ES-053', 'GM/ES-023', 'GM/ES-004', 'GM/ES-078', 'GM/CS-020', 'GM/CS-092', 'GM/ES-034', 'GM/ES-009', 'GM/CS-037', 'GM/ES-018', 'GM/ES-022', 'GM/ES-028', 'GM/ES-026', 'GM/CS-031', 'GM/CS-078', 'GM/CS-091', 'GM/ES-074', 'GM/ES-010', 'GM/CS-051', 'GM/CS-069', 'GM/CS-045', 'GM/ES-067', 'GM/CS-111', 'GM/ES-055', 'GM/CS-003', 'GM/CS-023', 'GM/CS-095', 'GM/CS-027', 'GM/CS-038', 'GM/ES-025', 'GM/CS-057', 'GM/CS-030', 'GM/CS-024', 'GM/CS-029', 'GM/ES-027', 'GM/ES-088', 'GM/ES-024', 'GM/CS-035', 'GM/ES-015', 'GM/ES-003', 'GM/ES-066']"
GM4TOE/P,"['GM/CS-031', 'GM/CS-051', 'GM/CS-045', 'GM/ES-088', 'GM/CS-023']"
MM1EYP/P,"['GM/ES-006', 'GM/ES-036', 'GM/CS-009', 'GM/CS-088', 'GM/ES-012', 'GM/ES-052', 'GM/WS-271', 'GM/CS-086', 'GM/ES-043', 'GM/ES-050', 'GM/CS-061', 'GM/ES-008', 'GM/ES-038', 'GM/CS-014', 'GM/ES-046', 'GM/CS-046', 'GM/WS-277', 'GM/ES-030', 'GM/CS-011', 'GM/ES-011', 'GM/ES-042', 'GM/ES-019', 'GM/CS-039', 'GM/ES-014', 'GM/CS-060', 'GM/CS-028', 'GM/ES-049', 'GM/ES-002', 'GM/CS-022', 'GM/ES-040', 'GM/CS-077', 'GM/ES-029', 'GM/CS-084', 'GM/CS-036', 'GM/CS-105', 'GM/CS-112', 'GM/ES-013', 'GM/ES-007', 'GM/ES-053', 'GM/ES-023', 'GM/ES-004', 'GM/ES-078', 'GM/CS-020', 'GM/CS-092', 'GM/ES-034', 'GM/ES-009', 'GM/CS-037', 'GM/ES-018', 'GM/ES-022', 'GM/ES-028', 'GM/ES-026', 'GM/CS-031', 'GM/CS-078', 'GM/CS-091', 'GM/ES-074', 'GM/CS-051', 'GM/CS-069', 'GM/CS-045', 'GM/ES-067', 'GM/CS-111', 'GM/ES-055', 'GM/CS-003', 'GM/CS-023', 'GM/CS-095', 'GM/CS-027', 'GM/CS-038', 'GM/ES-025', 'GM/CS-057', 'GM/CS-030', 'GM/CS-024', 'GM/CS-029', 'GM/ES-027', 'GM/ES-088', 'GM/ES-024', 'GM/CS-035', 'GM/ES-015', 'GM/ES-003', 'GM/ES-066']"
MM3EYP/P,"['GM/ES-006', 'GM/ES-036', 'GM/CS-009', 'GM/CS-088', 'GM/ES-012', 'GM/ES-052', 'GM/WS-271', 'GM/CS-086', 'GM/ES-043', 'GM/ES-050', 'GM/CS-061', 'GM/ES-008', 'GM/ES-038', 'GM/CS-014', 'GM/ES-046', 'GM/CS-046', 'GM/WS-277', 'GM/ES-030', 'GM/CS-011', 'GM/ES-011', 'GM/ES-042', 'GM/ES-019', 'GM/CS-039', 'GM/ES-014', 'GM/CS-060', 'GM/CS-028', 'GM/ES-049', 'GM/ES-002', 'GM/CS-022', 'GM/ES-040', 'GM/CS-077', 'GM/ES-029', 'GM/CS-084', 'GM/CS-036', 'GM/CS-105', 'GM/CS-112', 'GM/ES-013', 'GM/ES-007', 'GM/ES-053', 'GM/ES-023', 'GM/ES-004', 'GM/ES-078', 'GM/CS-020', 'GM/CS-092', 'GM/ES-034', 'GM/ES-009', 'GM/CS-037', 'GM/ES-018', 'GM/ES-022', 'GM/ES-028', 'GM/ES-026', 'GM/CS-031', 'GM/CS-078', 'GM/CS-091', 'GM/ES-074', 'GM/CS-051', 'GM/CS-069', 'GM/CS-045', 'GM/ES-067', 'GM/CS-111', 'GM/ES-055', 'GM/CS-003', 'GM/CS-023', 'GM/CS-095', 'GM/CS-027', 'GM/CS-038', 'GM/ES-025', 'GM/CS-057', 'GM/CS-030', 'GM/CS-024', 'GM/CS-029', 'GM/ES-027', 'GM/ES-088', 'GM/ES-024', 'GM/CS-035', 'GM/ES-015', 'GM/ES-003', 'GM/ES-066']"
GM6WRW/P,"['GM/ES-006', 'GM/ES-036', 'GM/CS-009', 'GM/CS-088', 'GM/ES-012', 'GM/ES-052', 'GM/WS-271', 'GM/CS-086', 'GM/ES-043', 'GM/ES-050', 'GM/CS-061', 'GM/ES-008', 'GM/ES-038', 'GM/CS-014', 'GM/ES-046', 'GM/CS-046', 'GM/WS-277', 'GM/ES-030', 'GM/CS-011', 'GM/ES-011', 'GM/ES-042', 'GM/ES-019', 'GM/ES-017', 'GM/CS-039', 'GM/ES-014', 'GM/CS-060', 'GM/CS-028', 'GM/ES-049', 'GM/ES-002', 'GM/CS-022', 'GM/ES-040', 'GM/CS-077', 'GM/ES-029', 'GM/CS-084', 'GM/CS-036', 'GM/CS-105', 'GM/ES-005', 'GM/CS-112', 'GM/ES-013', 'GM/ES-007', 'GM/ES-053', 'GM/ES-023', 'GM/ES-004', 'GM/ES-078', 'GM/CS-020', 'GM/CS-092', 'GM/ES-034', 'GM/ES-009', 'GM/CS-037', 'GM/ES-018', 'GM/ES-022', 'GM/ES-028', 'GM/ES-026', 'GM/CS-031', 'GM/CS-078', 'GM/CS-091', 'GM/ES-010', 'GM/CS-051', 'GM/CS-069', 'GM/CS-045', 'GM/ES-067', 'GM/CS-111', 'GM/ES-055', 'GM/CS-003', 'GM/CS-023', 'GM/CS-095', 'GM/CS-027', 'GM/CS-038', 'GM/ES-025', 'GM/CS-057', 'GM/CS-024', 'GM/CS-029', 'GM/ES-088', 'GM/ES-024', 'GM/CS-035', 'GM/ES-015', 'GM/ES-003', 'GM/ES-066']"
MM0YHB/P,"['GM/ES-006', 'GM/ES-036', 'GM/CS-009', 'GM/CS-088', 'GM/ES-012', 'GM/ES-052', 'GM/WS-271', 'GM/CS-086', 'GM/ES-043', 'GM/ES-050', 'GM/CS-061', 'GM/ES-008', 'GM/ES-038', 'GM/CS-014', 'GM/ES-046', 'GM/CS-046', 'GM/WS-277', 'GM/ES-030', 'GM/CS-011', 'GM/ES-011', 'GM/ES-042', 'GM/ES-019', 'GM/ES-017', 'GM/CS-039', 'GM/ES-014', 'GM/CS-060', 'GM/CS-028', 'GM/ES-049', 'GM/ES-002', 'GM/CS-022', 'GM/ES-040', 'GM/CS-077', 'GM/ES-029', 'GM/CS-084', 'GM/CS-036', 'GM/CS-105', 'GM/ES-005', 'GM/CS-112', 'GM/ES-013', 'GM/ES-007', 'GM/ES-053', 'GM/ES-023', 'GM/ES-004', 'GM/ES-078', 'GM/CS-020', 'GM/CS-092', 'GM/ES-034', 'GM/ES-009', 'GM/CS-037', 'GM/ES-018', 'GM/ES-022', 'GM/ES-028', 'GM/ES-026', 'GM/CS-031', 'GM/CS-078', 'GM/CS-091', 'GM/ES-010', 'GM/CS-051', 'GM/CS-069', 'GM/CS-045', 'GM/ES-067', 'GM/CS-111', 'GM/ES-055', 'GM/CS-003', 'GM/CS-023', 'GM/CS-095', 'GM/CS-027', 'GM/CS-038', 'GM/ES-025', 'GM/CS-057', 'GM/CS-024', 'GM/CS-029', 'GM/ES-088', 'GM/ES-024', 'GM/CS-035', 'GM/ES-015', 'GM/ES-003', 'GM/ES-066']"
GM6DDQ,"['GM/ES-006', 'GM/ES-036', 'GM/CS-009', 'GM/CS-088', 'GM/ES-012', 'GM/ES-052', 'GM/WS-271', 'GM/CS-086', 'GM/ES-043', 'GM/ES-050', 'GM/CS-061', 'GM/ES-038', 'GM/CS-014', 'GM/ES-046', 'GM/CS-046', 'GM/WS-277', 'GM/ES-030', 'GM/CS-011', 'GM/ES-011', 'GM/ES-042', 'GM/ES-019', 'GM/ES-017', 'GM/CS-039', 'GM/ES-014', 'GM/CS-060', 'GM/CS-028', 'GM/ES-049', 'GM/CS-022', 'GM/ES-040', 'GM/CS-077', 'GM/ES-029', 'GM/CS-084', 'GM/CS-036', 'GM/CS-105', 'GM/CS-112', 'GM/ES-013', 'GM/ES-007', 'GM/ES-053', 'GM/ES-023', 'GM/ES-004', 'GM/ES-078', 'GM/CS-020', 'GM/CS-092', 'GM/ES-034', 'GM/CS-037', 'GM/ES-018', 'GM/ES-022', 'GM/ES-028', 'GM/ES-026', 'GM/CS-031', 'GM/CS-078', 'GM/CS-091', 'GM/ES-010', 'GM/CS-051', 'GM/CS-069', 'GM/CS-045', 'GM/ES-067', 'GM/CS-111', 'GM/ES-055', 'GM/CS-003', 'GM/CS-023', 'GM/CS-095', 'GM/CS-027', 'GM/CS-038', 'GM/ES-025', 'GM/CS-057', 'GM/CS-030', 'GM/CS-024', 'GM/CS-029', 'GM/ES-027', 'GM/ES-088', 'GM/ES-024', 'GM/CS-035', 'GM/ES-015', 'GM/ES-003']"
GMOUDL/P,"['GM/ES-006', 'GM/ES-036', 'GM/CS-088', 'GM/ES-012', 'GM/ES-052', 'GM/WS-271', 'GM/CS-086', 'GM/ES-043', 'GM/ES-050', 'GM/CS-061', 'GM/ES-008', 'GM/ES-038', 'GM/CS-014', 'GM/ES-046', 'GM/CS-046', 'GM/WS-277', 'GM/ES-030', 'GM/CS-011', 'GM/ES-011', 'GM/ES-042', 'GM/ES-019', 'GM/ES-017', 'GM/CS-039', 'GM/ES-014', 'GM/CS-060', 'GM/CS-028', 'GM/ES-049', 'GM/CS-022', 'GM/ES-040', 'GM/CS-077', 'GM/ES-029', 'GM/CS-084', 'GM/CS-036', 'GM/CS-105', 'GM/CS-112', 'GM/ES-007', 'GM/ES-053', 'GM/ES-023', 'GM/ES-004', 'GM/ES-078', 'GM/CS-020', 'GM/CS-092', 'GM/ES-034', 'GM/CS-037', 'GM/ES-018', 'GM/ES-022', 'GM/ES-028', 'GM/ES-026', 'GM/CS-031', 'GM/CS-078', 'GM/ES-074', 'GM/CS-051', 'GM/CS-069', 'GM/CS-045', 'GM/ES-067', 'GM/CS-111', 'GM/ES-055', 'GM/CS-095', 'GM/CS-027', 'GM/CS-038', 'GM/ES-025', 'GM/CS-057', 'GM/CS-030', 'GM/CS-024', 'GM/ES-088', 'GM/ES-024', 'GM/CS-035', 'GM/ES-015', 'GM/ES-003', 'GM/ES-066']"
MM0DHY/P,"['GM/ES-006', 'GM/ES-043', 'GM/ES-023', 'GM/ES-004', 'GM/CS-020', 'GM/CS-014', 'GM/ES-028', 'GM/CS-046', 'GM/ES-026', 'GM/CS-031', 'GM/CS-051', 'GM/CS-011', 'GM/ES-042', 'GM/CS-069', 'GM/ES-067', 'GM/CS-045', 'GM/ES-014', 'GM/CS-003', 'GM/CS-023', 'GM/CS-027', 'GM/ES-040', 'GM/CS-038', 'GM/CS-057', 'GM/CS-024', 'GM/ES-088', 'GM/CS-036']"
GM4COX,"['GM/ES-006', 'GM/CS-105', 'GM/ES-005', 'GM/CS-112', 'GM/CS-088', 'GM/ES-013', 'GM/ES-052', 'GM/WS-271', 'GM/ES-007', 'GM/ES-053', 'GM/CS-086', 'GM/ES-001', 'GM/ES-023', 'GM/ES-050', 'GM/CS-061', 'GM/ES-004', 'GM/ES-078', 'GM/CS-020', 'GM/ES-038', 'GM/CS-014', 'GM/CS-092', 'GM/ES-034', 'GM/CS-037', 'GM/ES-018', 'GM/ES-046', 'GM/CS-046', 'GM/ES-026', 'GM/CS-031', 'GM/CS-091', 'GM/WS-277', 'GM/ES-030', 'GM/CS-051', 'GM/ES-011', 'GM/CS-011', 'GM/ES-010', 'GM/ES-042', 'GM/CS-069', 'GM/ES-017', 'GM/ES-067', 'GM/CS-039', 'GM/CS-045', 'GM/CS-111', 'GM/ES-049', 'GM/CS-095', 'GM/CS-023', 'GM/CS-027', 'GM/ES-040', 'GM/CS-038', 'GM/ES-025', 'GM/CS-057', 'GM/ES-029', 'GM/CS-030', 'GM/CS-024', 'GM/ES-024', 'GM/ES-088', 'GM/CS-035', 'GM/ES-015', 'GM/CS-084', 'GM/CS-036', 'GM/ES-066']"
MM0HAI/P,"['GM/ES-006', 'GM/ES-036', 'GM/CS-009', 'GM/CS-088', 'GM/ES-012', 'GM/ES-052', 'GM/WS-271', 'GM/CS-086', 'GM/ES-043', 'GM/ES-050', 'GM/CS-061', 'GM/ES-008', 'GM/ES-038', 'GM/CS-014', 'GM/ES-046', 'GM/CS-046', 'GM/WS-277', 'GM/ES-030', 'GM/CS-011', 'GM/ES-011', 'GM/ES-042', 'GM/ES-019', 'GM/ES-017', 'GM/CS-039', 'GM/ES-014', 'GM/CS-060', 'GM/CS-028', 'GM/ES-049', 'GM/CS-022', 'GM/ES-040', 'GM/CS-077', 'GM/ES-029', 'GM/CS-084', 'GM/CS-036', 'GM/CS-105', 'GM/ES-005', 'GM/CS-112', 'GM/ES-013', 'GM/ES-007', 'GM/ES-053', 'GM/ES-001', 'GM/ES-023', 'GM/ES-004', 'GM/ES-078', 'GM/CS-020', 'GM/CS-092', 'GM/ES-034', 'GM/ES-009', 'GM/CS-037', 'GM/ES-018', 'GM/ES-022', 'GM/ES-028', 'GM/ES-026', 'GM/CS-031', 'GM/CS-078', 'GM/CS-091', 'GM/ES-074', 'GM/ES-010', 'GM/CS-051', 'GM/CS-069', 'GM/CS-045', 'GM/ES-067', 'GM/CS-111', 'GM/ES-055', 'GM/CS-003', 'GM/CS-023', 'GM/CS-095', 'GM/CS-027', 'GM/CS-038', 'GM/ES-025', 'GM/CS-057', 'GM/CS-030', 'GM/CS-024', 'GM/CS-029', 'GM/ES-027', 'GM/ES-088', 'GM/ES-024', 'GM/CS-035', 'GM/ES-015', 'GM/ES-003', 'GM/ES-066']"
MM3WJZ/P,"['GM/ES-006', 'GM/ES-036', 'GM/CS-088', 'GM/ES-052', 'GM/CS-086', 'GM/ES-043', 'GM/ES-050', 'GM/CS-061', 'GM/ES-008', 'GM/ES-038', 'GM/CS-014', 'GM/ES-046', 'GM/CS-046', 'GM/WS-277', 'GM/ES-030', 'GM/ES-011', 'GM/ES-042', 'GM/ES-019', 'GM/ES-017', 'GM/ES-014', 'GM/CS-028', 'GM/ES-049', 'GM/CS-022', 'GM/ES-040', 'GM/CS-077', 'GM/ES-029', 'GM/CS-084', 'GM/CS-036', 'GM/CS-105', 'GM/ES-005', 'GM/CS-112', 'GM/ES-013', 'GM/ES-007', 'GM/ES-053', 'GM/ES-001', 'GM/ES-023', 'GM/ES-004', 'GM/ES-078', 'GM/CS-092', 'GM/ES-034', 'GM/ES-009', 'GM/CS-037', 'GM/ES-018', 'GM/ES-022', 'GM/ES-028', 'GM/ES-026', 'GM/CS-078', 'GM/CS-091', 'GM/ES-074', 'GM/CS-051', 'GM/CS-069', 'GM/CS-045', 'GM/ES-067', 'GM/CS-111', 'GM/ES-055', 'GM/CS-095', 'GM/CS-027', 'GM/CS-038', 'GM/ES-025', 'GM/CS-057', 'GM/CS-024', 'GM/ES-088', 'GM/ES-024', 'GM/CS-035', 'GM/ES-015', 'GM/ES-003', 'GM/ES-066']"
GM0FIM/P,"['GM/ES-036', 'GM/CS-009', 'GM/CS-088', 'GM/ES-052', 'GM/WS-271', 'GM/CS-086', 'GM/ES-043', 'GM/ES-050', 'GM/CS-061', 'GM/ES-008', 'GM/ES-038', 'GM/CS-014', 'GM/ES-046', 'GM/CS-046', 'GM/WS-277', 'GM/ES-030', 'GM/CS-011', 'GM/ES-011', 'GM/ES-042', 'GM/ES-019', 'GM/ES-017', 'GM/CS-039', 'GM/ES-014', 'GM/CS-060', 'GM/CS-028', 'GM/ES-049', 'GM/ES-002', 'GM/CS-022', 'GM/ES-040', 'GM/CS-077', 'GM/ES-029', 'GM/CS-084', 'GM/CS-036', 'GM/CS-105', 'GM/CS-112', 'GM/ES-013', 'GM/ES-007', 'GM/ES-053', 'GM/ES-001', 'GM/ES-023', 'GM/ES-078', 'GM/CS-020', 'GM/CS-092', 'GM/ES-034', 'GM/ES-009', 'GM/CS-037', 'GM/ES-018', 'GM/ES-022', 'GM/ES-028', 'GM/ES-026', 'GM/CS-031', 'GM/CS-078', 'GM/CS-091', 'GM/ES-074', 'GM/ES-010', 'GM/CS-051', 'GM/CS-069', 'GM/CS-045', 'GM/ES-067', 'GM/CS-111', 'GM/ES-055', 'GM/CS-003', 'GM/CS-023', 'GM/CS-095', 'GM/CS-027', 'GM/CS-038', 'GM/ES-025', 'GM/CS-057', 'GM/CS-024', 'GM/CS-029', 'GM/ES-027', 'GM/ES-088', 'GM/ES-024', 'GM/CS-035', 'GM/ES-015', 'GM/ES-003', 'GM/ES-066']"
MM/KI6SYD/P,"['GM/ES-006', 'GM/ES-036', 'GM/CS-009', 'GM/CS-088', 'GM/ES-012', 'GM/ES-052', 'GM/WS-271', 'GM/CS-086', 'GM/ES-043', 'GM/ES-050', 'GM/CS-061', 'GM/ES-038', 'GM/CS-014', 'GM/ES-046', 'GM/CS-046', 'GM/WS-277', 'GM/ES-030', 'GM/CS-011', 'GM/ES-011', 'GM/ES-042', 'GM/ES-019', 'GM/ES-017', 'GM/CS-039', 'GM/ES-014', 'GM/CS-060', 'GM/CS-028', 'GM/ES-049', 'GM/ES-002', 'GM/CS-022', 'GM/ES-040', 'GM/CS-077', 'GM/ES-029', 'GM/CS-084', 'GM/CS-036', 'GM/CS-105', 'GM/ES-005', 'GM/CS-112', 'GM/ES-013', 'GM/ES-007', 'GM/ES-053', 'GM/ES-001', 'GM/ES-023', 'GM/ES-004', 'GM/ES-078', 'GM/CS-020', 'GM/CS-092', 'GM/ES-034', 'GM/ES-009', 'GM/CS-037', 'GM/ES-018', 'GM/ES-022', 'GM/ES-028', 'GM/ES-026', 'GM/CS-031', 'GM/CS-078', 'GM/CS-091', 'GM/ES-074', 'GM/ES-010', 'GM/CS-051', 'GM/CS-069', 'GM/CS-045', 'GM/ES-067', 'GM/CS-111', 'GM/ES-055', 'GM/CS-003', 'GM/CS-023', 'GM/CS-095', 'GM/CS-027', 'GM/CS-038', 'GM/ES-025', 'GM/CS-057', 'GM/CS-030', 'GM/CS-024', 'GM/CS-029', 'GM/ES-027', 'GM/ES-088', 'GM/ES-024', 'GM/CS-035', 'GM/ES-015', 'GM/ES-003', 'GM/ES-066']"
2M0KZN/P,"['GM/ES-006', 'GM/CS-009', 'GM/CS-088', 'GM/ES-012', 'GM/ES-052', 'GM/WS-271', 'GM/CS-086', 'GM/ES-043', 'GM/ES-050', 'GM/CS-061', 'GM/ES-038', 'GM/CS-014', 'GM/ES-046', 'GM/CS-046', 'GM/WS-277', 'GM/ES-030', 'GM/CS-011', 'GM/ES-011', 'GM/ES-042', 'GM/ES-019', 'GM/ES-017', 'GM/CS-039', 'GM/ES-014', 'GM/CS-060', 'GM/CS-028', 'GM/ES-049', 'GM/ES-002', 'GM/CS-022', 'GM/ES-040', 'GM/CS-077', 'GM/ES-029', 'GM/CS-084', 'GM/CS-036', 'GM/CS-105', 'GM/ES-005', 'GM/CS-112', 'GM/ES-013', 'GM/ES-007', 'GM/ES-053', 'GM/ES-001', 'GM/ES-023', 'GM/ES-004', 'GM/ES-078', 'GM/CS-020', 'GM/CS-092', 'GM/ES-034', 'GM/ES-009', 'GM/CS-037', 'GM/ES-022', 'GM/ES-028', 'GM/ES-026', 'GM/CS-031', 'GM/CS-078', 'GM/CS-091', 'GM/ES-074', 'GM/ES-010', 'GM/CS-051', 'GM/CS-069', 'GM/CS-045', 'GM/ES-067', 'GM/CS-111', 'GM/ES-055', 'GM/CS-003', 'GM/CS-023', 'GM/CS-095', 'GM/CS-027', 'GM/CS-038', 'GM/ES-025', 'GM/CS-057', 'GM/CS-030', 'GM/CS-024', 'GM/CS-029', 'GM/ES-027', 'GM/ES-088', 'GM/ES-024', 'GM/CS-035', 'GM/ES-015', 'GM/ES-003', 'GM/ES-066']"
MM0FMF/P,"['GM/ES-006', 'GM/CS-105', 'GM/ES-005', 'GM/CS-112', 'GM/CS-088', 'GM/ES-052', 'GM/WS-271', 'GM/ES-007', 'GM/ES-053', 'GM/CS-086', 'GM/ES-001', 'GM/ES-023', 'GM/CS-061', 'GM/ES-004', 'GM/CS-020', 'GM/ES-038', 'GM/CS-014', 'GM/ES-034', 'GM/CS-037', 'GM/ES-018', 'GM/CS-046', 'GM/CS-031', 'GM/CS-091', 'GM/ES-030', 'GM/CS-051', 'GM/ES-011', 'GM/ES-010', 'GM/ES-042', 'GM/CS-069', 'GM/ES-017', 'GM/CS-045', 'GM/CS-111', 'GM/ES-049', 'GM/CS-003', 'GM/CS-023', 'GM/ES-002', 'GM/CS-095', 'GM/CS-027', 'GM/ES-040', 'GM/CS-057', 'GM/ES-029', 'GM/CS-024', 'GM/ES-024', 'GM/ES-027', 'GM/ES-088', 'GM/CS-084', 'GM/ES-003', 'GM/ES-066']"
MM/OK2PDT/P,"['GM/ES-006', 'GM/ES-036', 'GM/CS-009', 'GM/CS-088', 'GM/ES-012', 'GM/ES-052', 'GM/WS-271', 'GM/CS-086', 'GM/ES-043', 'GM/ES-050', 'GM/CS-061', 'GM/ES-038', 'GM/CS-014', 'GM/ES-046', 'GM/CS-046', 'GM/WS-277', 'GM/ES-030', 'GM/CS-011', 'GM/ES-011', 'GM/ES-042', 'GM/ES-019', 'GM/ES-017', 'GM/CS-039', 'GM/ES-014', 'GM/CS-060', 'GM/CS-028', 'GM/ES-049', 'GM/ES-002', 'GM/CS-022', 'GM/ES-040', 'GM/CS-077', 'GM/ES-029', 'GM/CS-084', 'GM/CS-036', 'GM/CS-105', 'GM/ES-005', 'GM/CS-112', 'GM/ES-013', 'GM/ES-007', 'GM/ES-053', 'GM/ES-001', 'GM/ES-023', 'GM/ES-004', 'GM/ES-078', 'GM/CS-020', 'GM/CS-092', 'GM/ES-034', 'GM/ES-009', 'GM/CS-037', 'GM/ES-018', 'GM/ES-022', 'GM/ES-028', 'GM/ES-026', 'GM/CS-031', 'GM/CS-078', 'GM/CS-091', 'GM/ES-074', 'GM/ES-010', 'GM/CS-051', 'GM/CS-069', 'GM/CS-045', 'GM/ES-067', 'GM/CS-111', 'GM/ES-055', 'GM/CS-003', 'GM/CS-023', 'GM/CS-095', 'GM/CS-027', 'GM/CS-038', 'GM/ES-025', 'GM/CS-057', 'GM/CS-030', 'GM/CS-024', 'GM/CS-029', 'GM/ES-027', 'GM/ES-088', 'GM/ES-024', 'GM/CS-035', 'GM/ES-015', 'GM/ES-003', 'GM/ES-066']"
2M0IMP/P,"['GM/ES-006', 'GM/ES-036', 'GM/CS-009', 'GM/CS-088', 'GM/ES-052', 'GM/WS-271', 'GM/CS-086', 'GM/ES-043', 'GM/ES-050', 'GM/CS-061', 'GM/ES-038', 'GM/CS-014', 'GM/ES-046', 'GM/CS-046', 'GM/WS-277', 'GM/ES-030', 'GM/CS-011', 'GM/ES-011', 'GM/ES-042', 'GM/ES-019', 'GM/ES-017', 'GM/CS-039', 'GM/ES-014', 'GM/CS-060', 'GM/CS-028', 'GM/ES-049', 'GM/ES-002', 'GM/CS-022', 'GM/ES-040', 'GM/CS-077', 'GM/ES-029', 'GM/CS-084', 'GM/CS-036', 'GM/CS-105', 'GM/ES-005', 'GM/CS-112', 'GM/ES-013', 'GM/ES-007', 'GM/ES-053', 'GM/ES-001', 'GM/ES-023', 'GM/ES-004', 'GM/ES-078', 'GM/CS-020', 'GM/CS-092', 'GM/ES-034', 'GM/ES-009', 'GM/CS-037', 'GM/ES-018', 'GM/ES-022', 'GM/ES-028', 'GM/ES-026', 'GM/CS-031', 'GM/CS-078', 'GM/CS-091', 'GM/ES-074', 'GM/ES-010', 'GM/CS-051', 'GM/CS-069', 'GM/CS-045', 'GM/ES-067', 'GM/CS-111', 'GM/ES-055', 'GM/CS-003', 'GM/CS-023', 'GM/CS-095', 'GM/CS-027', 'GM/CS-038', 'GM/ES-025', 'GM/CS-057', 'GM/CS-024', 'GM/CS-029', 'GM/ES-088', 'GM/ES-024', 'GM/CS-035', 'GM/ES-015', 'GM/ES-003', 'GM/ES-066']"
GM0PKX/P,"['GM/ES-006', 'GM/ES-036', 'GM/CS-009', 'GM/CS-088', 'GM/ES-052', 'GM/WS-271', 'GM/CS-086', 'GM/ES-043', 'GM/CS-061', 'GM/ES-038', 'GM/CS-014', 'GM/ES-046', 'GM/CS-046', 'GM/WS-277', 'GM/ES-030', 'GM/CS-011', 'GM/ES-011', 'GM/ES-017', 'GM/CS-039', 'GM/CS-060', 'GM/CS-028', 'GM/ES-002', 'GM/CS-022', 'GM/ES-040', 'GM/CS-077', 'GM/ES-029', 'GM/CS-084', 'GM/CS-036', 'GM/CS-105', 'GM/ES-005', 'GM/CS-112', 'GM/ES-013', 'GM/ES-007', 'GM/ES-001', 'GM/ES-023', 'GM/ES-004', 'GM/CS-020', 'GM/CS-092', 'GM/ES-009', 'GM/CS-037', 'GM/ES-022', 'GM/ES-028', 'GM/ES-026', 'GM/CS-031', 'GM/CS-078', 'GM/CS-091', 'GM/ES-074', 'GM/ES-010', 'GM/CS-051', 'GM/CS-069', 'GM/CS-045', 'GM/ES-067', 'GM/CS-111', 'GM/ES-055', 'GM/CS-003', 'GM/CS-023', 'GM/CS-095', 'GM/CS-027', 'GM/CS-038', 'GM/ES-025', 'GM/CS-057', 'GM/CS-030', 'GM/CS-024', 'GM/CS-029', 'GM/ES-027', 'GM/ES-088', 'GM/ES-024', 'GM/CS-035', 'GM/ES-015', 'GM/ES-003', 'GM/ES-066']"
GM7NQP/P,"['GM/ES-006', 'GM/ES-036', 'GM/CS-009', 'GM/CS-088', 'GM/ES-012', 'GM/ES-052', 'GM/WS-271', 'GM/CS-086', 'GM/ES-043', 'GM/ES-050', 'GM/CS-061', 'GM/ES-038', 'GM/CS-014', 'GM/ES-046', 'GM/CS-046', 'GM/WS-277', 'GM/ES-030', 'GM/CS-011', 'GM/ES-011', 'GM/ES-017', 'GM/CS-039', 'GM/CS-060', 'GM/CS-028', 'GM/ES-002', 'GM/CS-022', 'GM/ES-040', 'GM/CS-077', 'GM/ES-029', 'GM/CS-084', 'GM/CS-036', 'GM/CS-105', 'GM/ES-005', 'GM/CS-112', 'GM/ES-013', 'GM/ES-007', 'GM/ES-053', 'GM/ES-001', 'GM/ES-023', 'GM/ES-004', 'GM/ES-078', 'GM/CS-020', 'GM/CS-092', 'GM/ES-034', 'GM/ES-009', 'GM/CS-037', 'GM/ES-018', 'GM/ES-022', 'GM/ES-028', 'GM/ES-026', 'GM/CS-031', 'GM/CS-078', 'GM/CS-091', 'GM/ES-074', 'GM/ES-010', 'GM/CS-051', 'GM/CS-069', 'GM/CS-045', 'GM/ES-067', 'GM/CS-111', 'GM/ES-055', 'GM/CS-003', 'GM/CS-023', 'GM/CS-095', 'GM/CS-027', 'GM/CS-038', 'GM/ES-025', 'GM/CS-057', 'GM/CS-030', 'GM/CS-024', 'GM/CS-029', 'GM/ES-027', 'GM/ES-088', 'GM/ES-024', 'GM/CS-035', 'GM/ES-015', 'GM/ES-003', 'GM/ES-066']"
MM1EYO/P,"['GM/ES-006', 'GM/ES-036', 'GM/CS-009', 'GM/CS-088', 'GM/ES-012', 'GM/ES-052', 'GM/WS-271', 'GM/CS-086', 'GM/ES-043', 'GM/ES-050', 'GM/CS-061', 'GM/ES-038', 'GM/CS-014', 'GM/ES-046', 'GM/CS-046', 'GM/WS-277', 'GM/ES-030', 'GM/CS-011', 'GM/ES-011', 'GM/ES-042', 'GM/ES-019', 'GM/ES-017', 'GM/CS-039', 'GM/ES-014', 'GM/CS-060', 'GM/CS-028', 'GM/ES-049', 'GM/ES-002', 'GM/CS-022', 'GM/ES-040', 'GM/CS-077', 'GM/ES-029', 'GM/CS-084', 'GM/CS-036', 'GM/CS-105', 'GM/ES-005', 'GM/CS-112', 'GM/ES-013', 'GM/ES-007', 'GM/ES-053', 'GM/ES-001', 'GM/ES-023', 'GM/ES-004', 'GM/ES-078', 'GM/CS-020', 'GM/CS-092', 'GM/ES-034', 'GM/ES-009', 'GM/CS-037', 'GM/ES-018', 'GM/ES-022', 'GM/ES-028', 'GM/ES-026', 'GM/CS-031', 'GM/CS-078', 'GM/CS-091', 'GM/ES-074', 'GM/ES-010', 'GM/CS-051', 'GM/CS-069', 'GM/CS-045', 'GM/ES-067', 'GM/CS-111', 'GM/ES-055', 'GM/CS-003', 'GM/CS-023', 'GM/CS-095', 'GM/CS-027', 'GM/CS-038', 'GM/ES-025', 'GM/CS-057', 'GM/CS-030', 'GM/CS-024', 'GM/CS-029', 'GM/ES-088', 'GM/ES-024', 'GM/ES-015', 'GM/ES-003', 'GM/ES-066']"
GM7VJR,"['GM/ES-006', 'GM/ES-036', 'GM/CS-009', 'GM/CS-088', 'GM/ES-012', 'GM/ES-052', 'GM/WS-271', 'GM/CS-086', 'GM/ES-043', 'GM/ES-050', 'GM/CS-061', 'GM/ES-038', 'GM/CS-014', 'GM/ES-046', 'GM/CS-046', 'GM/WS-277', 'GM/ES-030', 'GM/CS-011', 'GM/ES-011', 'GM/ES-042', 'GM/ES-019', 'GM/ES-017', 'GM/CS-039', 'GM/ES-014', 'GM/CS-060', 'GM/CS-028', 'GM/ES-049', 'GM/ES-002', 'GM/CS-022', 'GM/ES-040', 'GM/CS-077', 'GM/ES-029', 'GM/CS-084', 'GM/CS-036', 'GM/CS-105', 'GM/ES-005', 'GM/CS-112', 'GM/ES-013', 'GM/ES-007', 'GM/ES-053', 'GM/ES-001', 'GM/ES-023', 'GM/ES-004', 'GM/ES-078', 'GM/CS-020', 'GM/CS-092', 'GM/ES-034', 'GM/ES-009', 'GM/CS-037', 'GM/ES-018', 'GM/ES-022', 'GM/ES-028', 'GM/ES-026', 'GM/CS-031', 'GM/CS-078', 'GM/CS-091', 'GM/ES-074', 'GM/ES-010', 'GM/CS-051', 'GM/CS-069', 'GM/CS-045', 'GM/ES-067', 'GM/CS-111', 'GM/ES-055', 'GM/CS-003', 'GM/CS-023', 'GM/CS-095', 'GM/CS-027', 'GM/CS-038', 'GM/ES-025', 'GM/CS-057', 'GM/CS-030', 'GM/CS-024', 'GM/CS-029', 'GM/ES-027', 'GM/ES-088', 'GM/ES-024', 'GM/CS-035', 'GM/ES-015', 'GM/ES-003', 'GM/ES-066']"
MM0CBC/P,"['GM/ES-006', 'GM/ES-036', 'GM/CS-009', 'GM/ES-012', 'GM/ES-052', 'GM/WS-271', 'GM/CS-086', 'GM/ES-043', 'GM/ES-050', 'GM/CS-061', 'GM/ES-008', 'GM/CS-014', 'GM/ES-046', 'GM/CS-046', 'GM/WS-277', 'GM/ES-030', 'GM/CS-011', 'GM/ES-011', 'GM/ES-042', 'GM/ES-019', 'GM/ES-017', 'GM/CS-039', 'GM/ES-014', 'GM/CS-028', 'GM/ES-049', 'GM/ES-002', 'GM/CS-022', 'GM/ES-040', 'GM/CS-077', 'GM/ES-029', 'GM/CS-084', 'GM/CS-036', 'GM/CS-105', 'GM/ES-005', 'GM/CS-112', 'GM/ES-013', 'GM/ES-007', 'GM/ES-053', 'GM/ES-001', 'GM/ES-023', 'GM/ES-004', 'GM/ES-078', 'GM/CS-020', 'GM/CS-092', 'GM/ES-034', 'GM/ES-018', 'GM/ES-022', 'GM/ES-028', 'GM/ES-026', 'GM/CS-031', 'GM/CS-078', 'GM/CS-091', 'GM/ES-010', 'GM/CS-051', 'GM/CS-069', 'GM/CS-045', 'GM/ES-067', 'GM/CS-111', 'GM/ES-055', 'GM/CS-003', 'GM/CS-023', 'GM/CS-095', 'GM/CS-027', 'GM/CS-038', 'GM/ES-025', 'GM/CS-057', 'GM/CS-030', 'GM/CS-024', 'GM/CS-029', 'GM/ES-088', 'GM/ES-024', 'GM/CS-035', 'GM/ES-015', 'GM/ES-003', 'GM/ES-066']"
MM1HAX/P,"['GM/ES-006', 'GM/ES-036', 'GM/CS-009', 'GM/CS-088', 'GM/ES-012', 'GM/ES-052', 'GM/WS-271', 'GM/CS-086', 'GM/ES-043', 'GM/ES-050', 'GM/CS-061', 'GM/ES-008', 'GM/ES-038', 'GM/CS-014', 'GM/ES-046', 'GM/CS-046', 'GM/WS-277', 'GM/ES-030', 'GM/CS-011', 'GM/ES-011', 'GM/ES-042', 'GM/ES-019', 'GM/ES-017', 'GM/CS-039', 'GM/ES-014', 'GM/CS-060', 'GM/CS-028', 'GM/ES-049', 'GM/ES-002', 'GM/CS-022', 'GM/ES-040', 'GM/CS-077', 'GM/ES-029', 'GM/CS-084', 'GM/CS-036', 'GM/CS-105', 'GM/ES-005', 'GM/CS-112', 'GM/ES-013', 'GM/ES-007', 'GM/ES-053', 'GM/ES-001', 'GM/ES-023', 'GM/ES-004', 'GM/ES-078', 'GM/CS-020', 'GM/CS-092', 'GM/ES-034', 'GM/CS-037', 'GM/ES-018', 'GM/ES-022', 'GM/ES-028', 'GM/ES-026', 'GM/CS-031', 'GM/CS-078', 'GM/CS-091', 'GM/ES-074', 'GM/ES-010', 'GM/CS-051', 'GM/CS-069', 'GM/CS-045', 'GM/ES-067', 'GM/CS-111', 'GM/ES-055', 'GM/CS-003', 'GM/CS-023', 'GM/CS-095', 'GM/CS-027', 'GM/CS-038', 'GM/ES-025', 'GM/CS-057', 'GM/CS-030', 'GM/CS-024', 'GM/CS-029', 'GM/ES-027', 'GM/ES-088', 'GM/ES-024', 'GM/CS-035', 'GM/ES-015', 'GM/ES-003', 'GM/ES-066']"
MM0SNA/P,"['GM/ES-006', 'GM/ES-036', 'GM/CS-009', 'GM/CS-088', 'GM/ES-012', 'GM/ES-052', 'GM/WS-271', 'GM/CS-086', 'GM/ES-043', 'GM/ES-050', 'GM/CS-061', 'GM/ES-008', 'GM/ES-038', 'GM/CS-014', 'GM/ES-046', 'GM/CS-046', 'GM/WS-277', 'GM/ES-030', 'GM/CS-011', 'GM/ES-011', 'GM/ES-042', 'GM/ES-019', 'GM/ES-017', 'GM/CS-039', 'GM/ES-014', 'GM/CS-060', 'GM/CS-028', 'GM/ES-049', 'GM/ES-002', 'GM/CS-022', 'GM/ES-040', 'GM/CS-077', 'GM/ES-029', 'GM/CS-084', 'GM/CS-036', 'GM/CS-105', 'GM/ES-005', 'GM/CS-112', 'GM/ES-013', 'GM/ES-007', 'GM/ES-053', 'GM/ES-001', 'GM/ES-023', 'GM/ES-004', 'GM/ES-078', 'GM/CS-020', 'GM/CS-092', 'GM/ES-034', 'GM/CS-037', 'GM/ES-018', 'GM/ES-022', 'GM/ES-028', 'GM/ES-026', 'GM/CS-031', 'GM/CS-078', 'GM/CS-091', 'GM/ES-010', 'GM/CS-051', 'GM/CS-069', 'GM/CS-045', 'GM/ES-067', 'GM/CS-111', 'GM/ES-055', 'GM/CS-003', 'GM/CS-023', 'GM/CS-095', 'GM/CS-027', 'GM/CS-038', 'GM/ES-025', 'GM/CS-057', 'GM/CS-030', 'GM/CS-024', 'GM/CS-029', 'GM/ES-027', 'GM/ES-088', 'GM/ES-024', 'GM/CS-035', 'GM/ES-015', 'GM/ES-003', 'GM/ES-066']"
MM1MAJ/P,"['GM/ES-006', 'GM/ES-036', 'GM/CS-009', 'GM/CS-088', 'GM/ES-052', 'GM/WS-271', 'GM/CS-086', 'GM/ES-050', 'GM/CS-061', 'GM/ES-008', 'GM/ES-038', 'GM/CS-014', 'GM/ES-046', 'GM/CS-046', 'GM/WS-277', 'GM/ES-030', 'GM/CS-011', 'GM/ES-011', 'GM/ES-019', 'GM/ES-017', 'GM/CS-060', 'GM/ES-049', 'GM/ES-002', 'GM/CS-022', 'GM/ES-040', 'GM/CS-077', 'GM/ES-029', 'GM/CS-084', 'GM/CS-036', 'GM/CS-105', 'GM/ES-005', 'GM/CS-112', 'GM/ES-013', 'GM/ES-007', 'GM/ES-053', 'GM/ES-001', 'GM/ES-023', 'GM/ES-004', 'GM/ES-078', 'GM/CS-020', 'GM/CS-092', 'GM/ES-034', 'GM/CS-037', 'GM/ES-018', 'GM/ES-022', 'GM/ES-026', 'GM/CS-031', 'GM/CS-091', 'GM/ES-010', 'GM/CS-051', 'GM/CS-069', 'GM/CS-045', 'GM/ES-067', 'GM/ES-055', 'GM/CS-003', 'GM/CS-023', 'GM/CS-095', 'GM/CS-027', 'GM/CS-038', 'GM/ES-025', 'GM/CS-057', 'GM/CS-024', 'GM/CS-029', 'GM/ES-088', 'GM/ES-024', 'GM/ES-015', 'GM/ES-003', 'GM/ES-066']"
MM3ZCB/P,"['GM/ES-006', 'GM/ES-036', 'GM/CS-009', 'GM/CS-088', 'GM/ES-052', 'GM/WS-271', 'GM/CS-086', 'GM/ES-050', 'GM/CS-061', 'GM/ES-008', 'GM/ES-038', 'GM/CS-014', 'GM/ES-046', 'GM/CS-046', 'GM/WS-277', 'GM/ES-030', 'GM/CS-011', 'GM/ES-011', 'GM/ES-019', 'GM/ES-017', 'GM/CS-060', 'GM/ES-049', 'GM/ES-002', 'GM/CS-022', 'GM/ES-040', 'GM/CS-077', 'GM/ES-029', 'GM/CS-084', 'GM/CS-036', 'GM/CS-105', 'GM/ES-005', 'GM/CS-112', 'GM/ES-013', 'GM/ES-007', 'GM/ES-053', 'GM/ES-001', 'GM/ES-023', 'GM/ES-004', 'GM/ES-078', 'GM/CS-020', 'GM/CS-092', 'GM/ES-034', 'GM/CS-037', 'GM/ES-018', 'GM/ES-022', 'GM/ES-026', 'GM/CS-031', 'GM/CS-091', 'GM/ES-010', 'GM/CS-051', 'GM/CS-069', 'GM/CS-045', 'GM/ES-067', 'GM/ES-055', 'GM/CS-003', 'GM/CS-023', 'GM/CS-095', 'GM/CS-027', 'GM/CS-038', 'GM/ES-025', 'GM/CS-057', 'GM/CS-024', 'GM/CS-029', 'GM/ES-088', 'GM/ES-024', 'GM/ES-015', 'GM/ES-003', 'GM/ES-066']"
MM6GYU/P,"['GM/ES-006', 'GM/CS-009', 'GM/CS-088', 'GM/ES-052', 'GM/WS-271', 'GM/CS-086', 'GM/ES-043', 'GM/CS-061', 'GM/ES-008', 'GM/ES-038', 'GM/CS-014', 'GM/ES-046', 'GM/CS-046', 'GM/WS-277', 'GM/ES-030', 'GM/CS-011', 'GM/ES-011', 'GM/ES-042', 'GM/ES-019', 'GM/ES-017', 'GM/CS-039', 'GM/ES-014', 'GM/CS-060', 'GM/CS-028', 'GM/ES-049', 'GM/ES-002', 'GM/CS-022', 'GM/ES-040', 'GM/CS-077', 'GM/ES-029', 'GM/CS-084', 'GM/CS-036', 'GM/CS-105', 'GM/ES-005', 'GM/CS-112', 'GM/ES-013', 'GM/ES-007', 'GM/ES-053', 'GM/ES-001', 'GM/ES-023', 'GM/ES-004', 'GM/ES-078', 'GM/CS-020', 'GM/CS-092', 'GM/ES-034', 'GM/ES-009', 'GM/CS-037', 'GM/ES-018', 'GM/ES-022', 'GM/ES-028', 'GM/ES-026', 'GM/CS-031', 'GM/CS-078', 'GM/CS-091', 'GM/ES-074', 'GM/CS-051', 'GM/CS-069', 'GM/CS-045', 'GM/ES-067', 'GM/CS-111', 'GM/ES-055', 'GM/CS-003', 'GM/CS-023', 'GM/CS-095', 'GM/CS-027', 'GM/CS-038', 'GM/ES-025', 'GM/CS-057', 'GM/CS-024', 'GM/CS-029', 'GM/ES-027', 'GM/ES-088', 'GM/ES-024', 'GM/CS-035', 'GM/ES-015', 'GM/ES-003', 'GM/ES-066']"
MM7LEF,"['GM/ES-006', 'GM/ES-036', 'GM/CS-009', 'GM/CS-088', 'GM/ES-052', 'GM/WS-271', 'GM/CS-086', 'GM/ES-043', 'GM/ES-050', 'GM/CS-061', 'GM/ES-008', 'GM/ES-038', 'GM/CS-014', 'GM/ES-046', 'GM/CS-046', 'GM/WS-277', 'GM/ES-030', 'GM/CS-011', 'GM/ES-011', 'GM/ES-042', 'GM/ES-019', 'GM/ES-017', 'GM/CS-039', 'GM/ES-014', 'GM/CS-060', 'GM/CS-028', 'GM/ES-049', 'GM/ES-002', 'GM/CS-022', 'GM/ES-040', 'GM/CS-077', 'GM/ES-029', 'GM/CS-084', 'GM/CS-036', 'GM/CS-105', 'GM/ES-005', 'GM/CS-112', 'GM/ES-013', 'GM/ES-007', 'GM/ES-053', 'GM/ES-001', 'GM/ES-023', 'GM/ES-004', 'GM/ES-078', 'GM/CS-020', 'GM/CS-092', 'GM/ES-034', 'GM/ES-009', 'GM/CS-037', 'GM/ES-018', 'GM/ES-022', 'GM/ES-028', 'GM/ES-026', 'GM/CS-031', 'GM/CS-078', 'GM/CS-091', 'GM/ES-074', 'GM/ES-010', 'GM/CS-051', 'GM/CS-069', 'GM/CS-045', 'GM/ES-067', 'GM/CS-111', 'GM/ES-055', 'GM/CS-003', 'GM/CS-023', 'GM/CS-095', 'GM/CS-027', 'GM/CS-038', 'GM/ES-025', 'GM/CS-057', 'GM/CS-030', 'GM/CS-024', 'GM/CS-029', 'GM/ES-027', 'GM/ES-088', 'GM/ES-024', 'GM/CS-035', 'GM/ES-015', 'GM/ES-003', 'GM/ES-066']"
MM0RFN/P,"['GM/ES-006', 'GM/ES-036', 'GM/CS-009', 'GM/CS-088', 'GM/ES-052', 'GM/WS-271', 'GM/CS-086', 'GM/ES-043', 'GM/ES-050', 'GM/CS-061', 'GM/ES-008', 'GM/ES-038', 'GM/CS-014', 'GM/ES-046', 'GM/CS-046', 'GM/WS-277', 'GM/ES-030', 'GM/CS-011', 'GM/ES-011', 'GM/ES-042', 'GM/ES-019', 'GM/ES-017', 'GM/CS-039', 'GM/CS-060', 'GM/CS-028', 'GM/ES-049', 'GM/ES-002', 'GM/CS-022', 'GM/ES-040', 'GM/CS-077', 'GM/ES-029', 'GM/CS-084', 'GM/CS-036', 'GM/CS-105', 'GM/ES-005', 'GM/CS-112', 'GM/ES-013', 'GM/ES-007', 'GM/ES-053', 'GM/ES-001', 'GM/ES-023', 'GM/ES-004', 'GM/ES-078', 'GM/CS-020', 'GM/CS-092', 'GM/ES-009', 'GM/CS-037', 'GM/ES-022', 'GM/ES-028', 'GM/ES-026', 'GM/CS-031', 'GM/CS-078', 'GM/CS-091', 'GM/ES-074', 'GM/ES-010', 'GM/CS-051', 'GM/CS-069', 'GM/CS-045', 'GM/ES-067', 'GM/CS-111', 'GM/ES-055', 'GM/CS-003', 'GM/CS-023', 'GM/CS-095', 'GM/CS-027', 'GM/CS-038', 'GM/ES-025', 'GM/CS-057', 'GM/CS-030', 'GM/CS-024', 'GM/CS-029', 'GM/ES-027', 'GM/ES-088', 'GM/ES-024', 'GM/CS-035', 'GM/ES-015', 'GM/ES-003', 'GM/ES-066']"
GM4JXP/P,"['GM/ES-006', 'GM/CS-009', 'GM/CS-088', 'GM/WS-271', 'GM/CS-086', 'GM/CS-061', 'GM/ES-008', 'GM/CS-014', 'GM/CS-046', 'GM/WS-277', 'GM/CS-011', 'GM/ES-011', 'GM/ES-042', 'GM/ES-019', 'GM/ES-017', 'GM/CS-039', 'GM/ES-014', 'GM/CS-028', 'GM/ES-002', 'GM/CS-022', 'GM/ES-040', 'GM/ES-029', 'GM/CS-084', 'GM/CS-036', 'GM/CS-105', 'GM/ES-005', 'GM/CS-112', 'GM/ES-013', 'GM/ES-007', 'GM/ES-001', 'GM/ES-023', 'GM/ES-004', 'GM/CS-020', 'GM/CS-092', 'GM/ES-009', 'GM/CS-037', 'GM/ES-022', 'GM/ES-026', 'GM/CS-031', 'GM/CS-078', 'GM/CS-091', 'GM/ES-074', 'GM/ES-010', 'GM/CS-051', 'GM/CS-069', 'GM/CS-045', 'GM/CS-111', 'GM/CS-003', 'GM/CS-023', 'GM/CS-095', 'GM/CS-027', 'GM/CS-038', 'GM/ES-025', 'GM/CS-057', 'GM/CS-030', 'GM/CS-024', 'GM/CS-029', 'GM/ES-027', 'GM/ES-088', 'GM/ES-024', 'GM/CS-035', 'GM/ES-015', 'GM/ES-003']"
MM7MWL/P,"['GM/ES-006', 'GM/CS-009', 'GM/CS-088', 'GM/ES-052', 'GM/WS-271', 'GM/CS-086', 'GM/ES-043', 'GM/ES-050', 'GM/CS-061', 'GM/ES-008', 'GM/ES-038', 'GM/CS-014', 'GM/CS-046', 'GM/WS-277', 'GM/CS-011', 'GM/ES-011', 'GM/ES-042', 'GM/ES-019', 'GM/ES-017', 'GM/CS-039', 'GM/ES-014', 'GM/CS-060', 'GM/CS-028', 'GM/ES-002', 'GM/CS-022', 'GM/ES-040', 'GM/CS-077', 'GM/ES-029', 'GM/CS-084', 'GM/CS-036', 'GM/CS-105', 'GM/ES-005', 'GM/CS-112', 'GM/ES-013', 'GM/ES-007', 'GM/ES-001', 'GM/ES-023', 'GM/ES-004', 'GM/ES-078', 'GM/CS-020', 'GM/CS-092', 'GM/ES-009', 'GM/CS-037', 'GM/ES-018', 'GM/ES-022', 'GM/ES-028', 'GM/ES-026', 'GM/CS-031', 'GM/CS-078', 'GM/CS-091', 'GM/ES-074', 'GM/ES-010', 'GM/CS-051', 'GM/CS-069', 'GM/CS-045', 'GM/ES-067', 'GM/CS-111', 'GM/ES-055', 'GM/CS-003', 'GM/CS-023', 'GM/CS-095', 'GM/CS-027', 'GM/CS-038', 'GM/ES-025', 'GM/CS-057', 'GM/CS-030', 'GM/CS-024', 'GM/CS-029', 'GM/ES-027', 'GM/ES-088', 'GM/ES-024', 'GM/CS-035', 'GM/ES-015', 'GM/ES-003', 'GM/ES-066']"
MM0JLA/P,"['GM/ES-006', 'GM/CS-009', 'GM/CS-088', 'GM/WS-271', 'GM/CS-086', 'GM/ES-043', 'GM/ES-050', 'GM/CS-061', 'GM/ES-008', 'GM/ES-038', 'GM/CS-014', 'GM/ES-046', 'GM/CS-046', 'GM/WS-277', 'GM/ES-030', 'GM/CS-011', 'GM/ES-011', 'GM/ES-042', 'GM/ES-019', 'GM/ES-017', 'GM/CS-039', 'GM/ES-014', 'GM/CS-060', 'GM/CS-028', 'GM/ES-002', 'GM/CS-022', 'GM/ES-040', 'GM/ES-029', 'GM/CS-084', 'GM/CS-036', 'GM/CS-105', 'GM/ES-005', 'GM/ES-013', 'GM/ES-007', 'GM/ES-001', 'GM/ES-023', 'GM/ES-004', 'GM/ES-078', 'GM/CS-020', 'GM/CS-092', 'GM/ES-009', 'GM/CS-037', 'GM/ES-018', 'GM/ES-022', 'GM/ES-026', 'GM/CS-031', 'GM/CS-078', 'GM/CS-091', 'GM/ES-010', 'GM/CS-051', 'GM/CS-069', 'GM/CS-045', 'GM/ES-067', 'GM/CS-111', 'GM/ES-055', 'GM/CS-003', 'GM/CS-023', 'GM/CS-095', 'GM/CS-027', 'GM/CS-038', 'GM/ES-025', 'GM/CS-057', 'GM/CS-024', 'GM/CS-029', 'GM/ES-027', 'GM/ES-088', 'GM/ES-024', 'GM/CS-035', 'GM/ES-015', 'GM/ES-003', 'GM/ES-066']"
MM6BWA/P,"['GM/ES-006', 'GM/CS-009', 'GM/CS-088', 'GM/WS-271', 'GM/CS-086', 'GM/ES-043', 'GM/ES-050', 'GM/CS-061', 'GM/ES-008', 'GM/ES-038', 'GM/CS-014', 'GM/ES-046', 'GM/CS-046', 'GM/WS-277', 'GM/ES-030', 'GM/CS-011', 'GM/ES-011', 'GM/ES-042', 'GM/ES-019', 'GM/ES-017', 'GM/CS-039', 'GM/ES-014', 'GM/CS-060', 'GM/CS-028', 'GM/ES-002', 'GM/CS-022', 'GM/ES-040', 'GM/ES-029', 'GM/CS-084', 'GM/CS-036', 'GM/CS-105', 'GM/ES-005', 'GM/ES-013', 'GM/ES-007', 'GM/ES-001', 'GM/ES-023', 'GM/ES-004', 'GM/CS-020', 'GM/CS-092', 'GM/ES-009', 'GM/CS-037', 'GM/ES-018', 'GM/ES-022', 'GM/ES-026', 'GM/CS-031', 'GM/CS-078', 'GM/CS-091', 'GM/ES-010', 'GM/CS-051', 'GM/CS-069', 'GM/CS-045', 'GM/ES-067', 'GM/CS-111', 'GM/ES-055', 'GM/CS-003', 'GM/CS-023', 'GM/CS-095', 'GM/CS-027', 'GM/CS-038', 'GM/ES-025', 'GM/CS-057', 'GM/CS-024', 'GM/CS-029', 'GM/ES-027', 'GM/ES-088', 'GM/ES-024', 'GM/CS-035', 'GM/ES-015', 'GM/ES-003', 'GM/ES-066']"
GM4OIG/P,"['GM/ES-006', 'GM/ES-036', 'GM/CS-009', 'GM/CS-088', 'GM/ES-052', 'GM/WS-271', 'GM/CS-086', 'GM/ES-050', 'GM/CS-061', 'GM/ES-008', 'GM/ES-038', 'GM/CS-014', 'GM/ES-046', 'GM/CS-046', 'GM/WS-277', 'GM/ES-030', 'GM/CS-011', 'GM/ES-011', 'GM/ES-042', 'GM/ES-019', 'GM/ES-017', 'GM/CS-039', 'GM/ES-014', 'GM/CS-060', 'GM/CS-028', 'GM/ES-049', 'GM/ES-002', 'GM/CS-022', 'GM/ES-040', 'GM/ES-029', 'GM/CS-084', 'GM/CS-036', 'GM/CS-105', 'GM/ES-005', 'GM/CS-112', 'GM/ES-013', 'GM/ES-007', 'GM/ES-053', 'GM/ES-001', 'GM/ES-023', 'GM/ES-004', 'GM/ES-078', 'GM/CS-020', 'GM/CS-092', 'GM/ES-034', 'GM/ES-009', 'GM/CS-037', 'GM/ES-018', 'GM/ES-022', 'GM/ES-026', 'GM/CS-031', 'GM/CS-078', 'GM/CS-091', 'GM/ES-010', 'GM/CS-051', 'GM/CS-069', 'GM/CS-045', 'GM/ES-067', 'GM/CS-111', 'GM/ES-055', 'GM/CS-003', 'GM/CS-023', 'GM/CS-095', 'GM/CS-027', 'GM/CS-038', 'GM/ES-025', 'GM/CS-057', 'GM/CS-030', 'GM/CS-024', 'GM/CS-029', 'GM/ES-027', 'GM/ES-088', 'GM/ES-024', 'GM/CS-035', 'GM/ES-015', 'GM/ES-003', 'GM/ES-066']"
GM8OEG/P,"['GM/ES-006', 'GM/ES-036', 'GM/CS-009', 'GM/CS-088', 'GM/ES-052', 'GM/WS-271', 'GM/CS-086', 'GM/ES-050', 'GM/CS-061', 'GM/ES-008', 'GM/ES-038', 'GM/CS-014', 'GM/ES-046', 'GM/CS-046', 'GM/WS-277', 'GM/ES-030', 'GM/CS-011', 'GM/ES-011', 'GM/ES-042', 'GM/ES-019', 'GM/ES-017', 'GM/CS-039', 'GM/ES-014', 'GM/CS-060', 'GM/CS-028', 'GM/ES-049', 'GM/ES-002', 'GM/CS-022', 'GM/ES-040', 'GM/ES-029', 'GM/CS-084', 'GM/CS-036', 'GM/CS-105', 'GM/ES-005', 'GM/CS-112', 'GM/ES-013', 'GM/ES-007', 'GM/ES-053', 'GM/ES-001', 'GM/ES-023', 'GM/ES-004', 'GM/ES-078', 'GM/CS-020', 'GM/CS-092', 'GM/ES-034', 'GM/ES-009', 'GM/CS-037', 'GM/ES-018', 'GM/ES-022', 'GM/ES-026', 'GM/CS-031', 'GM/CS-078', 'GM/CS-091', 'GM/ES-074', 'GM/ES-010', 'GM/CS-051', 'GM/CS-069', 'GM/CS-045', 'GM/ES-067', 'GM/CS-111', 'GM/ES-055', 'GM/CS-003', 'GM/CS-023', 'GM/CS-095', 'GM/CS-027', 'GM/CS-038', 'GM/ES-025', 'GM/CS-057', 'GM/CS-024', 'GM/CS-029', 'GM/ES-027', 'GM/ES-088', 'GM/ES-024', 'GM/CS-035', 'GM/ES-015', 'GM/ES-003', 'GM/ES-066']"
GM3YTS/P,"['GM/ES-006', 'GM/ES-036', 'GM/CS-009', 'GM/CS-088', 'GM/ES-052', 'GM/WS-271', 'GM/CS-086', 'GM/ES-043', 'GM/ES-050', 'GM/CS-061', 'GM/ES-008', 'GM/ES-038', 'GM/CS-014', 'GM/ES-046', 'GM/CS-046', 'GM/WS-277', 'GM/ES-030', 'GM/CS-011', 'GM/ES-011', 'GM/ES-042', 'GM/ES-019', 'GM/ES-017', 'GM/CS-039', 'GM/ES-014', 'GM/CS-060', 'GM/ES-049', 'GM/ES-002', 'GM/ES-040', 'GM/ES-029', 'GM/CS-084', 'GM/CS-036', 'GM/CS-105', 'GM/ES-005', 'GM/CS-112', 'GM/ES-013', 'GM/ES-007', 'GM/ES-053', 'GM/ES-001', 'GM/ES-023', 'GM/ES-004', 'GM/ES-078', 'GM/CS-020', 'GM/CS-092', 'GM/ES-034', 'GM/ES-009', 'GM/CS-037', 'GM/ES-018', 'GM/ES-022', 'GM/ES-026', 'GM/CS-031', 'GM/CS-091', 'GM/ES-074', 'GM/ES-010', 'GM/CS-051', 'GM/CS-069', 'GM/CS-045', 'GM/ES-067', 'GM/CS-111', 'GM/ES-055', 'GM/CS-003', 'GM/CS-023', 'GM/CS-095', 'GM/CS-027', 'GM/ES-025', 'GM/CS-057', 'GM/CS-030', 'GM/CS-024', 'GM/CS-029', 'GM/ES-027', 'GM/ES-088', 'GM/ES-024', 'GM/CS-035', 'GM/ES-015', 'GM/ES-003', 'GM/ES-066']"
GM1INK/P,"['GM/ES-006', 'GM/CS-009', 'GM/CS-088', 'GM/ES-052', 'GM/WS-271', 'GM/ES-043', 'GM/ES-050', 'GM/CS-061', 'GM/ES-008', 'GM/ES-038', 'GM/CS-014', 'GM/ES-046', 'GM/CS-046', 'GM/WS-277', 'GM/ES-030', 'GM/CS-011', 'GM/ES-011', 'GM/ES-042', 'GM/ES-019', 'GM/ES-017', 'GM/CS-039', 'GM/ES-014', 'GM/CS-060', 'GM/CS-028', 'GM/ES-049', 'GM/ES-002', 'GM/CS-022', 'GM/ES-040', 'GM/CS-077', 'GM/CS-084', 'GM/CS-036', 'GM/CS-105', 'GM/ES-005', 'GM/CS-112', 'GM/ES-013', 'GM/ES-007', 'GM/ES-053', 'GM/ES-001', 'GM/ES-023', 'GM/ES-004', 'GM/ES-078', 'GM/CS-020', 'GM/CS-092', 'GM/ES-034', 'GM/ES-009', 'GM/CS-037', 'GM/ES-028', 'GM/ES-026', 'GM/CS-031', 'GM/CS-078', 'GM/CS-091', 'GM/ES-074', 'GM/ES-010', 'GM/CS-051', 'GM/CS-069', 'GM/CS-045', 'GM/ES-067', 'GM/CS-111', 'GM/ES-055', 'GM/CS-003', 'GM/CS-023', 'GM/CS-095', 'GM/CS-027', 'GM/CS-038', 'GM/ES-025', 'GM/CS-057', 'GM/CS-030', 'GM/CS-024', 'GM/CS-029', 'GM/ES-027', 'GM/ES-088', 'GM/ES-024', 'GM/CS-035', 'GM/ES-015', 'GM/ES-003', 'GM/ES-066']"
GM0BKC/P,"['GM/ES-006', 'GM/ES-036', 'GM/CS-009', 'GM/CS-088', 'GM/ES-052', 'GM/WS-271', 'GM/CS-086', 'GM/ES-043', 'GM/ES-050', 'GM/CS-061', 'GM/ES-008', 'GM/ES-038', 'GM/CS-014', 'GM/ES-046', 'GM/CS-046', 'GM/WS-277', 'GM/ES-030', 'GM/ES-011', 'GM/ES-042', 'GM/ES-019', 'GM/ES-017', 'GM/CS-039', 'GM/CS-060', 'GM/CS-028', 'GM/ES-049', 'GM/ES-002', 'GM/CS-022', 'GM/ES-040', 'GM/ES-029', 'GM/CS-084', 'GM/CS-036', 'GM/CS-105', 'GM/ES-005', 'GM/CS-112', 'GM/ES-013', 'GM/ES-007', 'GM/ES-053', 'GM/ES-001', 'GM/ES-023', 'GM/ES-004', 'GM/ES-078', 'GM/CS-020', 'GM/CS-092', 'GM/ES-034', 'GM/ES-009', 'GM/CS-037', 'GM/ES-018', 'GM/ES-022', 'GM/ES-026', 'GM/CS-031', 'GM/CS-078', 'GM/CS-091', 'GM/ES-074', 'GM/ES-010', 'GM/CS-051', 'GM/CS-069', 'GM/CS-045', 'GM/ES-067', 'GM/CS-111', 'GM/ES-055', 'GM/CS-003', 'GM/CS-023', 'GM/CS-095', 'GM/CS-027', 'GM/CS-038', 'GM/ES-025', 'GM/CS-057', 'GM/CS-024', 'GM/ES-027', 'GM/ES-088', 'GM/ES-024', 'GM/CS-035', 'GM/ES-015', 'GM/ES-003', 'GM/ES-066']"
GM1JTD/P,"['GM/ES-006', 'GM/ES-036', 'GM/CS-009', 'GM/CS-088', 'GM/ES-052', 'GM/WS-271', 'GM/CS-086', 'GM/ES-043', 'GM/ES-050', 'GM/CS-061', 'GM/ES-008', 'GM/ES-038', 'GM/CS-014', 'GM/ES-046', 'GM/CS-046', 'GM/WS-277', 'GM/ES-030', 'GM/CS-011', 'GM/ES-011', 'GM/ES-042', 'GM/ES-019', 'GM/ES-017', 'GM/CS-039', 'GM/CS-060', 'GM/CS-028', 'GM/ES-049', 'GM/ES-002', 'GM/CS-022', 'GM/ES-040', 'GM/CS-077', 'GM/ES-029', 'GM/CS-084', 'GM/CS-036', 'GM/CS-105', 'GM/ES-005', 'GM/CS-112', 'GM/ES-013', 'GM/ES-007', 'GM/ES-053', 'GM/ES-001', 'GM/ES-023', 'GM/ES-004', 'GM/ES-078', 'GM/CS-020', 'GM/CS-092', 'GM/ES-034', 'GM/ES-009', 'GM/CS-037', 'GM/ES-018', 'GM/ES-022', 'GM/ES-028', 'GM/ES-026', 'GM/CS-031', 'GM/CS-078', 'GM/CS-091', 'GM/ES-074', 'GM/ES-010', 'GM/CS-051', 'GM/CS-069', 'GM/CS-045', 'GM/ES-067', 'GM/CS-111', 'GM/ES-055', 'GM/CS-003', 'GM/CS-023', 'GM/CS-095', 'GM/CS-027', 'GM/CS-038', 'GM/ES-025', 'GM/CS-057', 'GM/CS-030', 'GM/CS-024', 'GM/CS-029', 'GM/ES-027', 'GM/ES-088', 'GM/ES-024', 'GM/CS-035', 'GM/ES-015', 'GM/ES-003', 'GM/ES-066']"
GM4UXX,"['GM/ES-006', 'GM/ES-036', 'GM/CS-009', 'GM/CS-088', 'GM/ES-052', 'GM/WS-271', 'GM/CS-086', 'GM/ES-043', 'GM/ES-050', 'GM/CS-061', 'GM/ES-008', 'GM/ES-038', 'GM/CS-014', 'GM/ES-046', 'GM/CS-046', 'GM/WS-277', 'GM/ES-030', 'GM/CS-011', 'GM/ES-011', 'GM/ES-042', 'GM/ES-019', 'GM/ES-017', 'GM/CS-039', 'GM/ES-014', 'GM/CS-060', 'GM/CS-028', 'GM/ES-049', 'GM/ES-002', 'GM/CS-022', 'GM/ES-040', 'GM/CS-077', 'GM/ES-029', 'GM/CS-084', 'GM/CS-036', 'GM/CS-105', 'GM/ES-005', 'GM/CS-112', 'GM/ES-013', 'GM/ES-007', 'GM/ES-053', 'GM/ES-001', 'GM/ES-023', 'GM/ES-004', 'GM/ES-078', 'GM/CS-020', 'GM/CS-092', 'GM/ES-034', 'GM/ES-009', 'GM/CS-037', 'GM/ES-018', 'GM/ES-022', 'GM/ES-028', 'GM/ES-026', 'GM/CS-031', 'GM/CS-078', 'GM/CS-091', 'GM/ES-074', 'GM/ES-010', 'GM/CS-051', 'GM/CS-069', 'GM/CS-045', 'GM/ES-067', 'GM/CS-111', 'GM/ES-055', 'GM/CS-003', 'GM/CS-023', 'GM/CS-095', 'GM/CS-027', 'GM/CS-038', 'GM/ES-025', 'GM/CS-057', 'GM/CS-030', 'GM/CS-024', 'GM/CS-029', 'GM/ES-027', 'GM/ES-088', 'GM/ES-024', 'GM/CS-035', 'GM/ES-015', 'GM/ES-003', 'GM/ES-066']"
anon54803907,"['GM/ES-006', 'GM/ES-036', 'GM/CS-009', 'GM/CS-088', 'GM/ES-012', 'GM/ES-052', 'GM/WS-271', 'GM/CS-086', 'GM/ES-043', 'GM/ES-050', 'GM/CS-061', 'GM/ES-008', 'GM/ES-038', 'GM/CS-014', 'GM/ES-046', 'GM/CS-046', 'GM/WS-277', 'GM/ES-030', 'GM/CS-011', 'GM/ES-011', 'GM/ES-042', 'GM/ES-019', 'GM/ES-017', 'GM/CS-039', 'GM/CS-060', 'GM/CS-028', 'GM/ES-049', 'GM/ES-002', 'GM/CS-022', 'GM/ES-040', 'GM/CS-077', 'GM/ES-029', 'GM/CS-084', 'GM/CS-036', 'GM/CS-105', 'GM/ES-005', 'GM/CS-112', 'GM/ES-013', 'GM/ES-007', 'GM/ES-053', 'GM/ES-001', 'GM/ES-023', 'GM/ES-004', 'GM/CS-020', 'GM/CS-092', 'GM/ES-034', 'GM/ES-009', 'GM/CS-037', 'GM/ES-018', 'GM/ES-022', 'GM/ES-028', 'GM/ES-026', 'GM/CS-031', 'GM/CS-078', 'GM/CS-091', 'GM/ES-074', 'GM/ES-010', 'GM/CS-051', 'GM/CS-069', 'GM/CS-045', 'GM/ES-067', 'GM/CS-111', 'GM/ES-055', 'GM/CS-003', 'GM/CS-023', 'GM/CS-095', 'GM/CS-027', 'GM/CS-038', 'GM/ES-025', 'GM/CS-057', 'GM/CS-030', 'GM/CS-024', 'GM/CS-029', 'GM/ES-027', 'GM/ES-088', 'GM/ES-024', 'GM/CS-035', 'GM/ES-015', 'GM/ES-003', 'GM/ES-066']"
2M0KAU/P,"['GM/ES-006', 'GM/ES-036', 'GM/CS-009', 'GM/CS-088', 'GM/ES-012', 'GM/ES-052', 'GM/WS-271', 'GM/CS-086', 'GM/ES-043', 'GM/ES-050', 'GM/CS-061', 'GM/ES-008', 'GM/ES-038', 'GM/CS-014', 'GM/ES-046', 'GM/CS-046', 'GM/WS-277', 'GM/ES-030', 'GM/CS-011', 'GM/ES-011', 'GM/ES-042', 'GM/ES-019', 'GM/ES-017', 'GM/CS-039', 'GM/CS-060', 'GM/CS-028', 'GM/ES-049', 'GM/ES-002', 'GM/CS-022', 'GM/ES-040', 'GM/CS-077', 'GM/ES-029', 'GM/CS-084', 'GM/CS-036', 'GM/CS-105', 'GM/ES-005', 'GM/CS-112', 'GM/ES-013', 'GM/ES-007', 'GM/ES-053', 'GM/ES-001', 'GM/ES-023', 'GM/ES-004', 'GM/CS-020', 'GM/CS-092', 'GM/ES-034', 'GM/ES-009', 'GM/CS-037', 'GM/ES-018', 'GM/ES-022', 'GM/ES-028', 'GM/ES-026', 'GM/CS-031', 'GM/CS-078', 'GM/CS-091', 'GM/ES-074', 'GM/ES-010', 'GM/CS-051', 'GM/CS-069', 'GM/CS-045', 'GM/CS-111', 'GM/CS-003', 'GM/CS-023', 'GM/CS-095', 'GM/CS-027', 'GM/CS-038', 'GM/ES-025', 'GM/CS-057', 'GM/CS-030', 'GM/CS-024', 'GM/CS-029', 'GM/ES-027', 'GM/ES-088', 'GM/ES-024', 'GM/CS-035', 'GM/ES-015', 'GM/ES-003', 'GM/ES-066']"
GM5AIB/P,"['GM/ES-006', 'GM/CS-009', 'GM/CS-088', 'GM/ES-012', 'GM/ES-052', 'GM/WS-271', 'GM/CS-086', 'GM/ES-050', 'GM/CS-061', 'GM/ES-008', 'GM/ES-038', 'GM/ES-046', 'GM/CS-046', 'GM/WS-277', 'GM/ES-011', 'GM/ES-042', 'GM/ES-019', 'GM/ES-017', 'GM/CS-039', 'GM/ES-014', 'GM/CS-060', 'GM/CS-028', 'GM/ES-002', 'GM/CS-022', 'GM/ES-040', 'GM/ES-029', 'GM/CS-084', 'GM/CS-036', 'GM/CS-105', 'GM/ES-005', 'GM/CS-112', 'GM/ES-013', 'GM/ES-007', 'GM/ES-053', 'GM/ES-001', 'GM/ES-004', 'GM/ES-078', 'GM/CS-092', 'GM/ES-009', 'GM/CS-037', 'GM/ES-022', 'GM/ES-026', 'GM/CS-031', 'GM/CS-078', 'GM/CS-091', 'GM/ES-074', 'GM/ES-010', 'GM/CS-051', 'GM/CS-069', 'GM/CS-045', 'GM/ES-067', 'GM/CS-111', 'GM/ES-055', 'GM/CS-003', 'GM/CS-023', 'GM/CS-095', 'GM/CS-027', 'GM/CS-038', 'GM/CS-057', 'GM/CS-024', 'GM/CS-029', 'GM/ES-027', 'GM/ES-024', 'GM/CS-035', 'GM/ES-003', 'GM/ES-066']"
GM5OLD/P,"['GM/ES-006', 'GM/ES-036', 'GM/CS-009', 'GM/CS-088', 'GM/ES-012', 'GM/ES-052', 'GM/WS-271', 'GM/CS-086', 'GM/ES-043', 'GM/ES-050', 'GM/CS-061', 'GM/ES-008', 'GM/ES-038', 'GM/CS-014', 'GM/ES-046', 'GM/CS-046', 'GM/WS-277', 'GM/ES-030', 'GM/CS-011', 'GM/ES-011', 'GM/ES-042', 'GM/ES-019', 'GM/ES-017', 'GM/CS-039', 'GM/ES-014', 'GM/CS-060', 'GM/CS-028', 'GM/ES-049', 'GM/ES-002', 'GM/CS-022', 'GM/ES-040', 'GM/CS-077', 'GM/ES-029', 'GM/CS-084', 'GM/CS-036', 'GM/CS-105', 'GM/ES-005', 'GM/CS-112', 'GM/ES-013', 'GM/ES-007', 'GM/ES-053', 'GM/ES-001', 'GM/ES-023', 'GM/ES-004', 'GM/ES-078', 'GM/CS-020', 'GM/CS-092', 'GM/ES-009', 'GM/CS-037', 'GM/ES-022', 'GM/ES-028', 'GM/ES-026', 'GM/CS-031', 'GM/CS-091', 'GM/ES-074', 'GM/ES-010', 'GM/CS-051', 'GM/CS-069', 'GM/CS-045', 'GM/ES-067', 'GM/CS-111', 'GM/ES-055', 'GM/CS-003', 'GM/CS-023', 'GM/CS-095', 'GM/CS-027', 'GM/CS-038', 'GM/ES-025', 'GM/CS-057', 'GM/CS-030', 'GM/CS-024', 'GM/CS-029', 'GM/ES-027', 'GM/ES-088', 'GM/ES-024', 'GM/CS-035', 'GM/ES-015', 'GM/ES-003', 'GM/ES-066']"
GM1AUZ,"['GM/ES-006', 'GM/ES-036', 'GM/CS-009', 'GM/CS-088', 'GM/ES-012', 'GM/ES-052', 'GM/WS-271', 'GM/CS-086', 'GM/ES-043', 'GM/ES-050', 'GM/CS-061', 'GM/ES-008', 'GM/ES-038', 'GM/CS-014', 'GM/ES-046', 'GM/CS-046', 'GM/WS-277', 'GM/ES-030', 'GM/CS-011', 'GM/ES-011', 'GM/ES-042', 'GM/ES-019', 'GM/ES-017', 'GM/CS-039', 'GM/ES-014', 'GM/CS-060', 'GM/CS-028', 'GM/ES-049', 'GM/ES-002', 'GM/CS-022', 'GM/ES-040', 'GM/CS-077', 'GM/ES-029', 'GM/CS-084', 'GM/CS-036', 'GM/CS-105', 'GM/ES-005', 'GM/CS-112', 'GM/ES-013', 'GM/ES-007', 'GM/ES-053', 'GM/ES-001', 'GM/ES-023', 'GM/ES-004', 'GM/ES-078', 'GM/CS-020', 'GM/CS-092', 'GM/ES-034', 'GM/ES-009', 'GM/CS-037', 'GM/ES-022', 'GM/ES-028', 'GM/ES-026', 'GM/CS-031', 'GM/CS-078', 'GM/CS-091', 'GM/ES-074', 'GM/ES-010', 'GM/CS-051', 'GM/CS-069', 'GM/CS-045', 'GM/ES-067', 'GM/CS-111', 'GM/ES-055', 'GM/CS-003', 'GM/CS-023', 'GM/CS-095', 'GM/CS-027', 'GM/CS-038', 'GM/ES-025', 'GM/CS-057', 'GM/CS-030', 'GM/CS-024', 'GM/CS-029', 'GM/ES-027', 'GM/ES-088', 'GM/ES-024', 'GM/CS-035', 'GM/ES-015', 'GM/ES-003', 'GM/ES-066']"
MM0RPK/P,"['GM/ES-006', 'GM/CS-009', 'GM/CS-088', 'GM/ES-012', 'GM/ES-052', 'GM/WS-271', 'GM/CS-086', 'GM/ES-043', 'GM/ES-050', 'GM/CS-061', 'GM/ES-008', 'GM/ES-038', 'GM/CS-014', 'GM/ES-046', 'GM/CS-046', 'GM/WS-277', 'GM/ES-030', 'GM/CS-011', 'GM/ES-011', 'GM/ES-042', 'GM/ES-019', 'GM/ES-017', 'GM/CS-039', 'GM/ES-014', 'GM/CS-060', 'GM/CS-028', 'GM/ES-049', 'GM/ES-002', 'GM/CS-022', 'GM/ES-040', 'GM/CS-077', 'GM/ES-029', 'GM/CS-084', 'GM/CS-036', 'GM/CS-105', 'GM/ES-005', 'GM/CS-112', 'GM/ES-013', 'GM/ES-007', 'GM/ES-053', 'GM/ES-001', 'GM/ES-023', 'GM/ES-004', 'GM/ES-078', 'GM/CS-020', 'GM/CS-092', 'GM/ES-034', 'GM/ES-009', 'GM/CS-037', 'GM/ES-018', 'GM/ES-028', 'GM/ES-026', 'GM/CS-031', 'GM/CS-078', 'GM/CS-091', 'GM/ES-010', 'GM/CS-051', 'GM/CS-069', 'GM/CS-045', 'GM/ES-067', 'GM/CS-111', 'GM/ES-055', 'GM/CS-003', 'GM/CS-023', 'GM/CS-095', 'GM/CS-027', 'GM/CS-038', 'GM/ES-025', 'GM/CS-057', 'GM/CS-030', 'GM/CS-024', 'GM/CS-029', 'GM/ES-088', 'GM/ES-024', 'GM/CS-035', 'GM/ES-015', 'GM/ES-003', 'GM/ES-066']"
MM0PDV/P,"['GM/ES-006', 'GM/ES-036', 'GM/CS-009', 'GM/CS-088', 'GM/ES-012', 'GM/ES-052', 'GM/WS-271', 'GM/CS-086', 'GM/ES-043', 'GM/ES-050', 'GM/CS-061', 'GM/ES-008', 'GM/ES-038', 'GM/CS-014', 'GM/ES-046', 'GM/CS-046', 'GM/WS-277', 'GM/ES-030', 'GM/CS-011', 'GM/ES-011', 'GM/ES-042', 'GM/ES-019', 'GM/ES-017', 'GM/CS-039', 'GM/ES-014', 'GM/CS-060', 'GM/CS-028', 'GM/ES-049', 'GM/ES-002', 'GM/CS-022', 'GM/ES-040', 'GM/CS-077', 'GM/ES-029', 'GM/CS-084', 'GM/CS-036', 'GM/CS-105', 'GM/ES-005', 'GM/CS-112', 'GM/ES-013', 'GM/ES-007', 'GM/ES-053', 'GM/ES-001', 'GM/ES-023', 'GM/ES-004', 'GM/ES-078', 'GM/CS-020', 'GM/CS-092', 'GM/ES-034', 'GM/ES-009', 'GM/CS-037', 'GM/ES-018', 'GM/ES-022', 'GM/ES-028', 'GM/ES-026', 'GM/CS-031', 'GM/CS-078', 'GM/CS-091', 'GM/ES-074', 'GM/ES-010', 'GM/CS-051', 'GM/CS-069', 'GM/CS-045', 'GM/ES-067', 'GM/CS-111', 'GM/ES-055', 'GM/CS-003', 'GM/CS-023', 'GM/CS-095', 'GM/CS-027', 'GM/CS-038', 'GM/ES-025', 'GM/CS-057', 'GM/CS-030', 'GM/CS-024', 'GM/CS-029', 'GM/ES-088', 'GM/ES-024', 'GM/CS-035', 'GM/ES-015', 'GM/ES-003', 'GM/ES-066']"
MM0NJH/P,"['GM/ES-006', 'GM/ES-036', 'GM/CS-009', 'GM/CS-088', 'GM/ES-012', 'GM/ES-052', 'GM/WS-271', 'GM/ES-043', 'GM/ES-050', 'GM/CS-061', 'GM/ES-008', 'GM/CS-014', 'GM/ES-046', 'GM/CS-046', 'GM/WS-277', 'GM/ES-030', 'GM/CS-011', 'GM/ES-011', 'GM/ES-042', 'GM/ES-019', 'GM/ES-017', 'GM/CS-039', 'GM/ES-014', 'GM/CS-060', 'GM/CS-028', 'GM/ES-049', 'GM/ES-002', 'GM/CS-022', 'GM/ES-040', 'GM/CS-077', 'GM/ES-029', 'GM/CS-084', 'GM/CS-036', 'GM/CS-105', 'GM/ES-005', 'GM/CS-112', 'GM/ES-013', 'GM/ES-007', 'GM/ES-053', 'GM/ES-001', 'GM/ES-023', 'GM/ES-004', 'GM/ES-078', 'GM/CS-020', 'GM/CS-092', 'GM/ES-034', 'GM/ES-009', 'GM/CS-037', 'GM/ES-018', 'GM/ES-022', 'GM/ES-028', 'GM/ES-026', 'GM/CS-031', 'GM/CS-078', 'GM/CS-091', 'GM/ES-074', 'GM/ES-010', 'GM/CS-051', 'GM/CS-069', 'GM/CS-045', 'GM/ES-067', 'GM/CS-111', 'GM/ES-055', 'GM/CS-003', 'GM/CS-023', 'GM/CS-095', 'GM/CS-027', 'GM/CS-038', 'GM/ES-025', 'GM/CS-057', 'GM/CS-030', 'GM/CS-024', 'GM/CS-029', 'GM/ES-088', 'GM/ES-024', 'GM/CS-035', 'GM/ES-015', 'GM/ES-003', 'GM/ES-066']"
GM4YMI/P,"['GM/ES-006', 'GM/ES-036', 'GM/CS-009', 'GM/CS-088', 'GM/ES-012', 'GM/ES-052', 'GM/WS-271', 'GM/CS-086', 'GM/ES-043', 'GM/ES-050', 'GM/CS-061', 'GM/ES-008', 'GM/ES-038', 'GM/CS-014', 'GM/ES-046', 'GM/CS-046', 'GM/WS-277', 'GM/ES-030', 'GM/CS-011', 'GM/ES-011', 'GM/ES-042', 'GM/ES-019', 'GM/ES-017', 'GM/CS-039', 'GM/ES-014', 'GM/CS-060', 'GM/CS-028', 'GM/ES-049', 'GM/ES-002', 'GM/CS-022', 'GM/ES-040', 'GM/CS-077', 'GM/ES-029', 'GM/CS-084', 'GM/CS-036', 'GM/CS-105', 'GM/ES-005', 'GM/CS-112', 'GM/ES-013', 'GM/ES-007', 'GM/ES-053', 'GM/ES-001', 'GM/ES-023', 'GM/ES-004', 'GM/ES-078', 'GM/CS-020', 'GM/CS-092', 'GM/ES-034', 'GM/ES-009', 'GM/CS-037', 'GM/ES-018', 'GM/ES-022', 'GM/ES-028', 'GM/ES-026', 'GM/CS-031', 'GM/CS-078', 'GM/CS-091', 'GM/ES-074', 'GM/ES-010', 'GM/CS-051', 'GM/CS-069', 'GM/CS-045', 'GM/ES-067', 'GM/CS-111', 'GM/ES-055', 'GM/CS-003', 'GM/CS-023', 'GM/CS-095', 'GM/CS-027', 'GM/CS-038', 'GM/ES-025', 'GM/CS-057', 'GM/CS-030', 'GM/CS-024', 'GM/CS-029', 'GM/ES-088', 'GM/ES-024', 'GM/CS-035', 'GM/ES-015', 'GM/ES-003', 'GM/ES-066']"
MM7SRA/P,"['GM/ES-006', 'GM/ES-036', 'GM/CS-009', 'GM/CS-088', 'GM/ES-012', 'GM/ES-052', 'GM/WS-271', 'GM/CS-086', 'GM/ES-043', 'GM/ES-050', 'GM/CS-061', 'GM/ES-008', 'GM/ES-038', 'GM/CS-014', 'GM/ES-046', 'GM/CS-046', 'GM/WS-277', 'GM/ES-030', 'GM/CS-011', 'GM/ES-011', 'GM/ES-042', 'GM/ES-019', 'GM/ES-017', 'GM/CS-039', 'GM/ES-014', 'GM/CS-060', 'GM/CS-028', 'GM/ES-049', 'GM/ES-002', 'GM/CS-022', 'GM/ES-040', 'GM/CS-077', 'GM/ES-029', 'GM/CS-084', 'GM/CS-036', 'GM/CS-105', 'GM/ES-005', 'GM/CS-112', 'GM/ES-013', 'GM/ES-007', 'GM/ES-053', 'GM/ES-001', 'GM/ES-023', 'GM/ES-004', 'GM/ES-078', 'GM/CS-020', 'GM/CS-092', 'GM/ES-034', 'GM/ES-009', 'GM/CS-037', 'GM/ES-018', 'GM/ES-022', 'GM/ES-028', 'GM/ES-026', 'GM/CS-031', 'GM/CS-078', 'GM/CS-091', 'GM/ES-074', 'GM/ES-010', 'GM/CS-051', 'GM/CS-069', 'GM/CS-045', 'GM/ES-067', 'GM/CS-111', 'GM/ES-055', 'GM/CS-003', 'GM/CS-023', 'GM/CS-095', 'GM/CS-027', 'GM/CS-038', 'GM/ES-025', 'GM/CS-057', 'GM/CS-030', 'GM/CS-024', 'GM/CS-029', 'GM/ES-088', 'GM/ES-024', 'GM/CS-035', 'GM/ES-015', 'GM/ES-003', 'GM/ES-066']"
MM/SQ9OZM/P,"['GM/ES-006', 'GM/ES-036', 'GM/CS-009', 'GM/CS-088', 'GM/ES-012', 'GM/ES-052', 'GM/WS-271', 'GM/CS-086', 'GM/ES-043', 'GM/ES-050', 'GM/CS-061', 'GM/ES-008', 'GM/ES-038', 'GM/CS-014', 'GM/ES-046', 'GM/CS-046', 'GM/WS-277', 'GM/ES-030', 'GM/CS-011', 'GM/ES-011', 'GM/ES-042', 'GM/ES-019', 'GM/ES-017', 'GM/CS-039', 'GM/ES-014', 'GM/CS-060', 'GM/CS-028', 'GM/ES-049', 'GM/ES-002', 'GM/CS-022', 'GM/ES-040', 'GM/CS-077', 'GM/ES-029', 'GM/CS-084', 'GM/CS-036', 'GM/CS-105', 'GM/ES-005', 'GM/CS-112', 'GM/ES-013', 'GM/ES-007', 'GM/ES-053', 'GM/ES-001', 'GM/ES-023', 'GM/ES-004', 'GM/ES-078', 'GM/CS-020', 'GM/CS-092', 'GM/ES-034', 'GM/ES-009', 'GM/CS-037', 'GM/ES-018', 'GM/ES-022', 'GM/ES-028', 'GM/ES-026', 'GM/CS-031', 'GM/CS-078', 'GM/CS-091', 'GM/ES-074', 'GM/ES-010', 'GM/CS-051', 'GM/CS-069', 'GM/CS-045', 'GM/ES-067', 'GM/CS-111', 'GM/ES-055', 'GM/CS-003', 'GM/CS-023', 'GM/CS-095', 'GM/CS-027', 'GM/CS-038', 'GM/ES-025', 'GM/CS-057', 'GM/CS-030', 'GM/CS-024', 'GM/CS-029', 'GM/ES-088', 'GM/ES-024', 'GM/CS-035', 'GM/ES-015', 'GM/ES-003', 'GM/ES-066']"
GM0AXY/P,"['GM/ES-006', 'GM/ES-036', 'GM/CS-009', 'GM/CS-088', 'GM/ES-012', 'GM/ES-052', 'GM/WS-271', 'GM/CS-086', 'GM/ES-043', 'GM/ES-050', 'GM/CS-061', 'GM/ES-008', 'GM/ES-038', 'GM/CS-014', 'GM/CS-046', 'GM/WS-277', 'GM/ES-030', 'GM/CS-011', 'GM/ES-011', 'GM/ES-042', 'GM/ES-019', 'GM/ES-017', 'GM/CS-039', 'GM/ES-014', 'GM/CS-028', 'GM/ES-049', 'GM/ES-002', 'GM/CS-022', 'GM/ES-040', 'GM/CS-077', 'GM/ES-029', 'GM/CS-084', 'GM/CS-036', 'GM/CS-105', 'GM/ES-005', 'GM/CS-112', 'GM/ES-013', 'GM/ES-007', 'GM/ES-053', 'GM/ES-001', 'GM/ES-023', 'GM/ES-004', 'GM/ES-078', 'GM/CS-020', 'GM/CS-092', 'GM/ES-034', 'GM/ES-009', 'GM/CS-037', 'GM/ES-018', 'GM/ES-022', 'GM/ES-028', 'GM/ES-026', 'GM/CS-031', 'GM/CS-078', 'GM/CS-091', 'GM/ES-074', 'GM/ES-010', 'GM/CS-051', 'GM/CS-069', 'GM/CS-045', 'GM/ES-067', 'GM/CS-111', 'GM/ES-055', 'GM/CS-003', 'GM/CS-023', 'GM/CS-095', 'GM/CS-027', 'GM/CS-038', 'GM/ES-025', 'GM/CS-057', 'GM/CS-030', 'GM/CS-024', 'GM/CS-029', 'GM/ES-088', 'GM/ES-024', 'GM/CS-035', 'GM/ES-015', 'GM/ES-003', 'GM/ES-066']"
GM4YMM/P,"['GM/ES-006', 'GM/ES-036', 'GM/CS-009', 'GM/CS-088', 'GM/ES-012', 'GM/ES-052', 'GM/WS-271', 'GM/CS-086', 'GM/ES-043', 'GM/ES-050', 'GM/CS-061', 'GM/ES-008', 'GM/ES-038', 'GM/CS-014', 'GM/CS-046', 'GM/WS-277', 'GM/ES-030', 'GM/CS-011', 'GM/ES-011', 'GM/ES-042', 'GM/ES-019', 'GM/ES-017', 'GM/CS-039', 'GM/ES-014', 'GM/CS-028', 'GM/ES-049', 'GM/ES-002', 'GM/CS-022', 'GM/ES-040', 'GM/CS-077', 'GM/ES-029', 'GM/CS-084', 'GM/CS-036', 'GM/CS-105', 'GM/ES-005', 'GM/CS-112', 'GM/ES-013', 'GM/ES-007', 'GM/ES-053', 'GM/ES-001', 'GM/ES-023', 'GM/ES-004', 'GM/ES-078', 'GM/CS-020', 'GM/CS-092', 'GM/ES-034', 'GM/ES-009', 'GM/CS-037', 'GM/ES-018', 'GM/ES-022', 'GM/ES-028', 'GM/ES-026', 'GM/CS-031', 'GM/CS-078', 'GM/CS-091', 'GM/ES-074', 'GM/ES-010', 'GM/CS-051', 'GM/CS-069', 'GM/CS-045', 'GM/ES-067', 'GM/CS-111', 'GM/ES-055', 'GM/CS-003', 'GM/CS-023', 'GM/CS-095', 'GM/CS-027', 'GM/CS-038', 'GM/ES-025', 'GM/CS-057', 'GM/CS-030', 'GM/CS-024', 'GM/CS-029', 'GM/ES-088', 'GM/ES-024', 'GM/CS-035', 'GM/ES-015', 'GM/ES-003', 'GM/ES-066']"
GM0AZB/P,"['GM/ES-006', 'GM/CS-009', 'GM/CS-088', 'GM/ES-012', 'GM/ES-052', 'GM/WS-271', 'GM/CS-086', 'GM/ES-043', 'GM/ES-050', 'GM/CS-061', 'GM/ES-008', 'GM/ES-038', 'GM/CS-014', 'GM/CS-046', 'GM/WS-277', 'GM/ES-030', 'GM/CS-011', 'GM/ES-011', 'GM/ES-042', 'GM/ES-019', 'GM/ES-017', 'GM/CS-039', 'GM/ES-014', 'GM/CS-060', 'GM/CS-028', 'GM/ES-049', 'GM/ES-002', 'GM/CS-022', 'GM/ES-040', 'GM/CS-077', 'GM/ES-029', 'GM/CS-084', 'GM/CS-036', 'GM/CS-105', 'GM/ES-005', 'GM/CS-112', 'GM/ES-013', 'GM/ES-007', 'GM/ES-053', 'GM/ES-001', 'GM/ES-023', 'GM/ES-004', 'GM/ES-078', 'GM/CS-020', 'GM/CS-092', 'GM/ES-034', 'GM/ES-009', 'GM/CS-037', 'GM/ES-018', 'GM/ES-022', 'GM/ES-028', 'GM/ES-026', 'GM/CS-031', 'GM/CS-078', 'GM/CS-091', 'GM/ES-074', 'GM/ES-010', 'GM/CS-051', 'GM/CS-069', 'GM/CS-045', 'GM/ES-067', 'GM/CS-111', 'GM/ES-055', 'GM/CS-003', 'GM/CS-023', 'GM/CS-095', 'GM/CS-027', 'GM/CS-038', 'GM/ES-025', 'GM/CS-057', 'GM/CS-030', 'GM/CS-024', 'GM/CS-029', 'GM/ES-027', 'GM/ES-088', 'GM/ES-024', 'GM/CS-035', 'GM/ES-015', 'GM/ES-003', 'GM/ES-066']"
GM0AZA/P,"['GM/ES-006', 'GM/CS-009', 'GM/CS-088', 'GM/ES-012', 'GM/ES-052', 'GM/WS-271', 'GM/CS-086', 'GM/ES-043', 'GM/ES-050', 'GM/CS-061', 'GM/ES-008', 'GM/ES-038', 'GM/CS-014', 'GM/CS-046', 'GM/WS-277', 'GM/ES-030', 'GM/CS-011', 'GM/ES-011', 'GM/ES-042', 'GM/ES-019', 'GM/ES-017', 'GM/CS-039', 'GM/ES-014', 'GM/CS-060', 'GM/CS-028', 'GM/ES-049', 'GM/ES-002', 'GM/CS-022', 'GM/ES-040', 'GM/CS-077', 'GM/ES-029', 'GM/CS-084', 'GM/CS-036', 'GM/CS-105', 'GM/ES-005', 'GM/CS-112', 'GM/ES-013', 'GM/ES-007', 'GM/ES-053', 'GM/ES-001', 'GM/ES-023', 'GM/ES-004', 'GM/ES-078', 'GM/CS-020', 'GM/CS-092', 'GM/ES-034', 'GM/ES-009', 'GM/CS-037', 'GM/ES-018', 'GM/ES-022', 'GM/ES-028', 'GM/ES-026', 'GM/CS-031', 'GM/CS-078', 'GM/CS-091', 'GM/ES-074', 'GM/ES-010', 'GM/CS-051', 'GM/CS-069', 'GM/CS-045', 'GM/ES-067', 'GM/CS-111', 'GM/ES-055', 'GM/CS-003', 'GM/CS-023', 'GM/CS-095', 'GM/CS-027', 'GM/CS-038', 'GM/ES-025', 'GM/CS-057', 'GM/CS-030', 'GM/CS-024', 'GM/CS-029', 'GM/ES-027', 'GM/ES-088', 'GM/ES-024', 'GM/CS-035', 'GM/ES-015', 'GM/ES-003', 'GM/ES-066']"
MM0GLM/P,"['GM/ES-006', 'GM/ES-036', 'GM/CS-009', 'GM/CS-088', 'GM/ES-012', 'GM/ES-052', 'GM/WS-271', 'GM/CS-086', 'GM/ES-050', 'GM/CS-061', 'GM/ES-008', 'GM/ES-038', 'GM/CS-014', 'GM/ES-046', 'GM/CS-046', 'GM/WS-277', 'GM/ES-030', 'GM/CS-011', 'GM/ES-011', 'GM/ES-042', 'GM/ES-019', 'GM/ES-017', 'GM/CS-039', 'GM/ES-014', 'GM/CS-060', 'GM/CS-028', 'GM/ES-049', 'GM/ES-002', 'GM/CS-022', 'GM/ES-040', 'GM/CS-077', 'GM/ES-029', 'GM/CS-084', 'GM/CS-036', 'GM/CS-105', 'GM/ES-005', 'GM/CS-112', 'GM/ES-013', 'GM/ES-007', 'GM/ES-053', 'GM/ES-001', 'GM/ES-023', 'GM/ES-004', 'GM/ES-078', 'GM/CS-020', 'GM/CS-092', 'GM/ES-034', 'GM/ES-009', 'GM/CS-037', 'GM/ES-018', 'GM/ES-022', 'GM/ES-028', 'GM/ES-026', 'GM/CS-031', 'GM/CS-078', 'GM/CS-091', 'GM/ES-074', 'GM/ES-010', 'GM/CS-051', 'GM/CS-069', 'GM/CS-045', 'GM/ES-067', 'GM/CS-111', 'GM/ES-055', 'GM/CS-003', 'GM/CS-023', 'GM/CS-095', 'GM/CS-027', 'GM/CS-038', 'GM/ES-025', 'GM/CS-057', 'GM/CS-030', 'GM/CS-024', 'GM/CS-029', 'GM/ES-027', 'GM/ES-088', 'GM/ES-024', 'GM/CS-035', 'GM/ES-015', 'GM/ES-003', 'GM/ES-066']"
MM7RTC/P,"['GM/ES-006', 'GM/ES-036', 'GM/CS-009', 'GM/CS-088', 'GM/ES-012', 'GM/ES-052', 'GM/WS-271', 'GM/CS-086', 'GM/ES-043', 'GM/ES-050', 'GM/CS-061', 'GM/ES-008', 'GM/ES-038', 'GM/CS-014', 'GM/ES-046', 'GM/CS-046', 'GM/WS-277', 'GM/ES-030', 'GM/CS-011', 'GM/ES-011', 'GM/ES-042', 'GM/ES-019', 'GM/ES-017', 'GM/CS-039', 'GM/ES-014', 'GM/CS-060', 'GM/CS-028', 'GM/ES-002', 'GM/CS-022', 'GM/ES-040', 'GM/CS-077', 'GM/ES-029', 'GM/CS-084', 'GM/CS-036', 'GM/CS-105', 'GM/ES-005', 'GM/CS-112', 'GM/ES-013', 'GM/ES-007', 'GM/ES-053', 'GM/ES-001', 'GM/ES-023', 'GM/ES-004', 'GM/ES-078', 'GM/CS-020', 'GM/CS-092', 'GM/ES-034', 'GM/ES-009', 'GM/CS-037', 'GM/ES-018', 'GM/ES-022', 'GM/ES-028', 'GM/ES-026', 'GM/CS-031', 'GM/CS-078', 'GM/CS-091', 'GM/ES-074', 'GM/ES-010', 'GM/CS-051', 'GM/CS-069', 'GM/CS-045', 'GM/ES-067', 'GM/CS-111', 'GM/ES-055', 'GM/CS-003', 'GM/CS-023', 'GM/CS-095', 'GM/CS-027', 'GM/CS-038', 'GM/ES-025', 'GM/CS-057', 'GM/CS-030', 'GM/CS-024', 'GM/CS-029', 'GM/ES-027', 'GM/ES-088', 'GM/ES-024', 'GM/CS-035', 'GM/ES-015', 'GM/ES-003', 'GM/ES-066']"
MM/HB9BQU/P,"['GM/ES-006', 'GM/ES-036', 'GM/CS-009', 'GM/CS-088', 'GM/ES-012', 'GM/ES-052', 'GM/WS-271', 'GM/CS-086', 'GM/ES-043', 'GM/ES-050', 'GM/CS-061', 'GM/ES-008', 'GM/ES-038', 'GM/CS-014', 'GM/ES-046', 'GM/CS-046', 'GM/WS-277', 'GM/ES-030', 'GM/CS-011', 'GM/ES-011', 'GM/ES-042', 'GM/ES-019', 'GM/ES-017', 'GM/CS-039', 'GM/ES-014', 'GM/CS-060', 'GM/CS-028', 'GM/ES-049', 'GM/ES-002', 'GM/CS-022', 'GM/ES-040', 'GM/CS-077', 'GM/ES-029', 'GM/CS-084', 'GM/CS-036', 'GM/CS-105', 'GM/ES-005', 'GM/CS-112', 'GM/ES-013', 'GM/ES-007', 'GM/ES-001', 'GM/ES-023', 'GM/ES-004', 'GM/ES-078', 'GM/CS-020', 'GM/CS-092', 'GM/ES-034', 'GM/ES-009', 'GM/CS-037', 'GM/ES-018', 'GM/ES-022', 'GM/ES-028', 'GM/ES-026', 'GM/CS-031', 'GM/CS-078', 'GM/CS-091', 'GM/ES-074', 'GM/ES-010', 'GM/CS-051', 'GM/CS-069', 'GM/CS-045', 'GM/ES-067', 'GM/CS-111', 'GM/ES-055', 'GM/CS-003', 'GM/CS-023', 'GM/CS-095', 'GM/CS-027', 'GM/CS-038', 'GM/ES-025', 'GM/CS-057', 'GM/CS-030', 'GM/CS-024', 'GM/CS-029', 'GM/ES-027', 'GM/ES-088', 'GM/ES-024', 'GM/CS-035', 'GM/ES-015', 'GM/ES-003', 'GM/ES-066']"
GM7SRJ/P,"['GM/ES-006', 'GM/ES-036', 'GM/CS-009', 'GM/CS-088', 'GM/ES-012', 'GM/ES-052', 'GM/WS-271', 'GM/CS-086', 'GM/ES-043', 'GM/ES-050', 'GM/CS-061', 'GM/ES-008', 'GM/ES-038', 'GM/CS-014', 'GM/ES-046', 'GM/CS-046', 'GM/WS-277', 'GM/ES-030', 'GM/CS-011', 'GM/ES-011', 'GM/ES-042', 'GM/ES-019', 'GM/ES-017', 'GM/CS-039', 'GM/ES-014', 'GM/CS-060', 'GM/CS-028', 'GM/ES-049', 'GM/ES-002', 'GM/CS-022', 'GM/ES-040', 'GM/CS-077', 'GM/ES-029', 'GM/CS-084', 'GM/CS-036', 'GM/CS-105', 'GM/ES-005', 'GM/CS-112', 'GM/ES-013', 'GM/ES-007', 'GM/ES-001', 'GM/ES-023', 'GM/ES-004', 'GM/CS-020', 'GM/CS-092', 'GM/ES-034', 'GM/ES-009', 'GM/CS-037', 'GM/ES-018', 'GM/ES-022', 'GM/ES-028', 'GM/ES-026', 'GM/CS-031', 'GM/CS-078', 'GM/CS-091', 'GM/ES-010', 'GM/CS-051', 'GM/CS-069', 'GM/CS-045', 'GM/ES-067', 'GM/CS-111', 'GM/ES-055', 'GM/CS-003', 'GM/CS-023', 'GM/CS-095', 'GM/CS-027', 'GM/CS-038', 'GM/ES-025', 'GM/CS-057', 'GM/CS-030', 'GM/CS-024', 'GM/CS-029', 'GM/ES-027', 'GM/ES-088', 'GM/ES-024', 'GM/CS-035', 'GM/ES-015', 'GM/ES-003', 'GM/ES-066']"
MM7MOX/P ,"['GM/ES-006', 'GM/ES-036', 'GM/CS-009', 'GM/CS-088', 'GM/ES-012', 'GM/ES-052', 'GM/WS-271', 'GM/CS-086', 'GM/ES-043', 'GM/ES-050', 'GM/CS-061', 'GM/ES-008', 'GM/ES-038', 'GM/CS-014', 'GM/ES-046', 'GM/CS-046', 'GM/WS-277', 'GM/ES-030', 'GM/CS-011', 'GM/ES-011', 'GM/ES-042', 'GM/ES-019', 'GM/ES-017', 'GM/CS-039', 'GM/ES-014', 'GM/CS-060', 'GM/CS-028', 'GM/ES-049', 'GM/ES-002', 'GM/CS-022', 'GM/ES-040', 'GM/CS-077', 'GM/ES-029', 'GM/CS-084', 'GM/CS-036', 'GM/CS-105', 'GM/ES-005', 'GM/CS-112', 'GM/ES-013', 'GM/ES-007', 'GM/ES-053', 'GM/ES-001', 'GM/ES-023', 'GM/ES-004', 'GM/ES-078', 'GM/CS-020', 'GM/CS-092', 'GM/ES-034', 'GM/ES-009', 'GM/CS-037', 'GM/ES-018', 'GM/ES-022', 'GM/ES-028', 'GM/ES-026', 'GM/CS-031', 'GM/CS-078', 'GM/CS-091', 'GM/ES-010', 'GM/CS-051', 'GM/CS-069', 'GM/CS-045', 'GM/ES-067', 'GM/ES-055', 'GM/CS-003', 'GM/CS-023', 'GM/CS-095', 'GM/CS-027', 'GM/CS-038', 'GM/ES-025', 'GM/CS-057', 'GM/CS-030', 'GM/CS-024', 'GM/CS-029', 'GM/ES-027', 'GM/ES-088', 'GM/ES-024', 'GM/CS-035', 'GM/ES-015', 'GM/ES-003', 'GM/ES-066']"
MM/SQ9NOT/P,"['GM/ES-006', 'GM/ES-036', 'GM/CS-009', 'GM/CS-088', 'GM/ES-012', 'GM/ES-052', 'GM/WS-271', 'GM/CS-086', 'GM/ES-043', 'GM/ES-050', 'GM/CS-061', 'GM/ES-008', 'GM/ES-038', 'GM/CS-014', 'GM/ES-046', 'GM/CS-046', 'GM/WS-277', 'GM/ES-030', 'GM/CS-011', 'GM/ES-011', 'GM/ES-042', 'GM/ES-019', 'GM/ES-017', 'GM/CS-039', 'GM/ES-014', 'GM/CS-060', 'GM/CS-028', 'GM/ES-049', 'GM/ES-002', 'GM/CS-022', 'GM/ES-040', 'GM/CS-077', 'GM/ES-029', 'GM/CS-084', 'GM/CS-036', 'GM/CS-105', 'GM/ES-005', 'GM/CS-112', 'GM/ES-013', 'GM/ES-007', 'GM/ES-053', 'GM/ES-001', 'GM/ES-023', 'GM/ES-004', 'GM/ES-078', 'GM/CS-020', 'GM/CS-092', 'GM/ES-034', 'GM/ES-009', 'GM/CS-037', 'GM/ES-018', 'GM/ES-022', 'GM/ES-028', 'GM/ES-026', 'GM/CS-031', 'GM/CS-078', 'GM/CS-091', 'GM/ES-010', 'GM/CS-051', 'GM/CS-069', 'GM/CS-045', 'GM/ES-067', 'GM/CS-111', 'GM/ES-055', 'GM/CS-003', 'GM/CS-023', 'GM/CS-095', 'GM/CS-027', 'GM/CS-038', 'GM/ES-025', 'GM/CS-057', 'GM/CS-030', 'GM/CS-024', 'GM/CS-029', 'GM/ES-027', 'GM/ES-088', 'GM/ES-024', 'GM/CS-035', 'GM/ES-015', 'GM/ES-003', 'GM/ES-066']"
GM4MD/P,"['GM/ES-006', 'GM/ES-036', 'GM/CS-009', 'GM/CS-088', 'GM/ES-012', 'GM/ES-052', 'GM/WS-271', 'GM/CS-086', 'GM/ES-043', 'GM/ES-050', 'GM/CS-061', 'GM/ES-008', 'GM/ES-038', 'GM/CS-014', 'GM/ES-046', 'GM/CS-046', 'GM/WS-277', 'GM/ES-030', 'GM/CS-011', 'GM/ES-011', 'GM/ES-042', 'GM/ES-019', 'GM/ES-017', 'GM/CS-039', 'GM/ES-014', 'GM/CS-060', 'GM/CS-028', 'GM/ES-049', 'GM/ES-002', 'GM/CS-022', 'GM/ES-040', 'GM/CS-077', 'GM/ES-029', 'GM/CS-084', 'GM/CS-036', 'GM/CS-105', 'GM/ES-005', 'GM/CS-112', 'GM/ES-013', 'GM/ES-007', 'GM/ES-053', 'GM/ES-001', 'GM/ES-023', 'GM/ES-004', 'GM/ES-078', 'GM/CS-020', 'GM/CS-092', 'GM/ES-034', 'GM/ES-009', 'GM/CS-037', 'GM/ES-018', 'GM/ES-022', 'GM/ES-028', 'GM/ES-026', 'GM/CS-031', 'GM/CS-078', 'GM/CS-091', 'GM/ES-010', 'GM/CS-051', 'GM/CS-069', 'GM/CS-045', 'GM/ES-067', 'GM/CS-111', 'GM/ES-055', 'GM/CS-003', 'GM/CS-023', 'GM/CS-095', 'GM/CS-027', 'GM/CS-038', 'GM/ES-025', 'GM/CS-057', 'GM/CS-030', 'GM/CS-024', 'GM/CS-029', 'GM/ES-027', 'GM/ES-088', 'GM/ES-024', 'GM/CS-035', 'GM/ES-015', 'GM/ES-003', 'GM/ES-066']"
MM7WDP/P,"['GM/ES-006', 'GM/ES-036', 'GM/CS-009', 'GM/CS-088', 'GM/ES-012', 'GM/ES-052', 'GM/WS-271', 'GM/CS-086', 'GM/ES-043', 'GM/ES-050', 'GM/CS-061', 'GM/ES-008', 'GM/ES-038', 'GM/CS-014', 'GM/ES-046', 'GM/CS-046', 'GM/WS-277', 'GM/ES-030', 'GM/CS-011', 'GM/ES-011', 'GM/ES-042', 'GM/ES-019', 'GM/ES-017', 'GM/CS-039', 'GM/ES-014', 'GM/CS-060', 'GM/CS-028', 'GM/ES-049', 'GM/ES-002', 'GM/CS-022', 'GM/ES-040', 'GM/CS-077', 'GM/ES-029', 'GM/CS-084', 'GM/CS-036', 'GM/CS-105', 'GM/ES-005', 'GM/CS-112', 'GM/ES-013', 'GM/ES-007', 'GM/ES-053', 'GM/ES-001', 'GM/ES-023', 'GM/ES-004', 'GM/CS-020', 'GM/CS-092', 'GM/ES-034', 'GM/ES-009', 'GM/CS-037', 'GM/ES-018', 'GM/ES-022', 'GM/ES-028', 'GM/ES-026', 'GM/CS-031', 'GM/CS-078', 'GM/CS-091', 'GM/ES-074', 'GM/ES-010', 'GM/CS-051', 'GM/CS-069', 'GM/CS-045', 'GM/ES-067', 'GM/CS-111', 'GM/ES-055', 'GM/CS-003', 'GM/CS-023', 'GM/CS-095', 'GM/CS-027', 'GM/CS-038', 'GM/ES-025', 'GM/CS-057', 'GM/CS-030', 'GM/CS-024', 'GM/CS-029', 'GM/ES-027', 'GM/ES-088', 'GM/ES-024', 'GM/CS-035', 'GM/ES-015', 'GM/ES-003', 'GM/ES-066']"
GM8MIA/P,"['GM/ES-006', 'GM/ES-036', 'GM/CS-009', 'GM/CS-088', 'GM/ES-012', 'GM/ES-052', 'GM/WS-271', 'GM/CS-086', 'GM/ES-043', 'GM/ES-050', 'GM/CS-061', 'GM/ES-008', 'GM/ES-038', 'GM/CS-014', 'GM/ES-046', 'GM/CS-046', 'GM/WS-277', 'GM/ES-030', 'GM/CS-011', 'GM/ES-011', 'GM/ES-042', 'GM/ES-019', 'GM/ES-017', 'GM/CS-039', 'GM/ES-014', 'GM/CS-060', 'GM/CS-028', 'GM/ES-049', 'GM/ES-002', 'GM/CS-022', 'GM/ES-040', 'GM/CS-077', 'GM/ES-029', 'GM/CS-084', 'GM/CS-036', 'GM/CS-105', 'GM/ES-005', 'GM/CS-112', 'GM/ES-013', 'GM/ES-007', 'GM/ES-053', 'GM/ES-001', 'GM/ES-023', 'GM/ES-004', 'GM/CS-020', 'GM/CS-092', 'GM/ES-034', 'GM/ES-009', 'GM/CS-037', 'GM/ES-018', 'GM/ES-022', 'GM/ES-028', 'GM/ES-026', 'GM/CS-031', 'GM/CS-078', 'GM/CS-091', 'GM/ES-074', 'GM/ES-010', 'GM/CS-051', 'GM/CS-069', 'GM/CS-045', 'GM/ES-067', 'GM/CS-111', 'GM/ES-055', 'GM/CS-003', 'GM/CS-023', 'GM/CS-095', 'GM/CS-027', 'GM/CS-038', 'GM/ES-025', 'GM/CS-057', 'GM/CS-030', 'GM/CS-024', 'GM/CS-029', 'GM/ES-027', 'GM/ES-088', 'GM/ES-024', 'GM/CS-035', 'GM/ES-015', 'GM/ES-003', 'GM/ES-066']"
MM0BCR/P,"['GM/ES-006', 'GM/ES-036', 'GM/CS-009', 'GM/CS-088', 'GM/ES-012', 'GM/ES-052', 'GM/WS-271', 'GM/CS-086', 'GM/ES-043', 'GM/ES-050', 'GM/CS-061', 'GM/ES-008', 'GM/ES-038', 'GM/CS-014', 'GM/ES-046', 'GM/CS-046', 'GM/WS-277', 'GM/ES-030', 'GM/CS-011', 'GM/ES-011', 'GM/ES-042', 'GM/ES-019', 'GM/ES-017', 'GM/CS-039', 'GM/ES-014', 'GM/CS-060', 'GM/CS-028', 'GM/ES-049', 'GM/ES-002', 'GM/CS-022', 'GM/ES-040', 'GM/CS-077', 'GM/ES-029', 'GM/CS-084', 'GM/CS-036', 'GM/CS-105', 'GM/ES-005', 'GM/CS-112', 'GM/ES-013', 'GM/ES-007', 'GM/ES-053', 'GM/ES-001', 'GM/ES-023', 'GM/ES-004', 'GM/CS-020', 'GM/CS-092', 'GM/ES-034', 'GM/ES-009', 'GM/CS-037', 'GM/ES-018', 'GM/ES-022', 'GM/ES-028', 'GM/ES-026', 'GM/CS-031', 'GM/CS-078', 'GM/CS-091', 'GM/ES-074', 'GM/ES-010', 'GM/CS-051', 'GM/CS-069', 'GM/CS-045', 'GM/ES-067', 'GM/CS-111', 'GM/ES-055', 'GM/CS-003', 'GM/CS-023', 'GM/CS-095', 'GM/CS-027', 'GM/CS-038', 'GM/ES-025', 'GM/CS-057', 'GM/CS-030', 'GM/CS-024', 'GM/CS-029', 'GM/ES-027', 'GM/ES-088', 'GM/ES-024', 'GM/CS-035', 'GM/ES-015', 'GM/ES-003', 'GM/ES-066']"
2M0AVL,"['GM/ES-006', 'GM/ES-036', 'GM/CS-009', 'GM/CS-088', 'GM/ES-012', 'GM/ES-052', 'GM/WS-271', 'GM/CS-086', 'GM/ES-043', 'GM/ES-050', 'GM/CS-061', 'GM/ES-008', 'GM/ES-038', 'GM/CS-014', 'GM/ES-046', 'GM/CS-046', 'GM/WS-277', 'GM/ES-030', 'GM/CS-011', 'GM/ES-011', 'GM/ES-042', 'GM/ES-019', 'GM/ES-017', 'GM/CS-039', 'GM/ES-014', 'GM/CS-060', 'GM/CS-028', 'GM/ES-049', 'GM/ES-002', 'GM/CS-022', 'GM/ES-040', 'GM/CS-077', 'GM/ES-029', 'GM/CS-084', 'GM/CS-036', 'GM/CS-105', 'GM/ES-005', 'GM/CS-112', 'GM/ES-013', 'GM/ES-007', 'GM/ES-053', 'GM/ES-001', 'GM/ES-023', 'GM/ES-004', 'GM/CS-020', 'GM/CS-092', 'GM/ES-034', 'GM/ES-009', 'GM/CS-037', 'GM/ES-018', 'GM/ES-022', 'GM/ES-028', 'GM/ES-026', 'GM/CS-031', 'GM/CS-078', 'GM/CS-091', 'GM/ES-074', 'GM/ES-010', 'GM/CS-051', 'GM/CS-069', 'GM/CS-045', 'GM/ES-067', 'GM/CS-111', 'GM/ES-055', 'GM/CS-003', 'GM/CS-023', 'GM/CS-095', 'GM/CS-027', 'GM/CS-038', 'GM/ES-025', 'GM/CS-057', 'GM/CS-030', 'GM/CS-024', 'GM/CS-029', 'GM/ES-027', 'GM/ES-088', 'GM/ES-024', 'GM/CS-035', 'GM/ES-015', 'GM/ES-003', 'GM/ES-066']"
MM0DOE/P,"['GM/ES-006', 'GM/ES-036', 'GM/CS-088', 'GM/ES-012', 'GM/ES-052', 'GM/WS-271', 'GM/CS-086', 'GM/ES-043', 'GM/ES-050', 'GM/CS-061', 'GM/ES-008', 'GM/ES-038', 'GM/ES-046', 'GM/CS-046', 'GM/WS-277', 'GM/ES-030', 'GM/CS-011', 'GM/ES-011', 'GM/ES-042', 'GM/ES-019', 'GM/ES-017', 'GM/CS-039', 'GM/ES-014', 'GM/CS-060', 'GM/CS-028', 'GM/ES-049', 'GM/ES-002', 'GM/CS-022', 'GM/ES-040', 'GM/CS-077', 'GM/ES-029', 'GM/CS-084', 'GM/CS-105', 'GM/ES-005', 'GM/CS-112', 'GM/ES-013', 'GM/ES-007', 'GM/ES-053', 'GM/ES-001', 'GM/ES-023', 'GM/ES-004', 'GM/ES-078', 'GM/CS-092', 'GM/ES-034', 'GM/ES-009', 'GM/CS-037', 'GM/ES-018', 'GM/ES-022', 'GM/ES-028', 'GM/ES-026', 'GM/CS-031', 'GM/CS-078', 'GM/CS-091', 'GM/ES-074', 'GM/ES-010', 'GM/CS-051', 'GM/CS-069', 'GM/CS-045', 'GM/ES-067', 'GM/CS-111', 'GM/ES-055', 'GM/CS-023', 'GM/CS-095', 'GM/CS-027', 'GM/CS-038', 'GM/ES-025', 'GM/CS-057', 'GM/CS-030', 'GM/CS-024', 'GM/ES-027', 'GM/ES-088', 'GM/ES-024', 'GM/CS-035', 'GM/ES-015', 'GM/ES-003', 'GM/ES-066']"
MM7NDC/P,"['GM/ES-006', 'GM/ES-036', 'GM/CS-088', 'GM/ES-012', 'GM/ES-052', 'GM/WS-271', 'GM/CS-086', 'GM/ES-043', 'GM/ES-050', 'GM/CS-061', 'GM/ES-008', 'GM/ES-038', 'GM/CS-014', 'GM/ES-046', 'GM/CS-046', 'GM/WS-277', 'GM/ES-030', 'GM/ES-011', 'GM/ES-042', 'GM/ES-019', 'GM/ES-017', 'GM/CS-039', 'GM/ES-014', 'GM/CS-060', 'GM/CS-028', 'GM/ES-049', 'GM/ES-002', 'GM/ES-040', 'GM/CS-077', 'GM/ES-029', 'GM/CS-084', 'GM/CS-036', 'GM/CS-105', 'GM/ES-005', 'GM/CS-112', 'GM/ES-013', 'GM/ES-007', 'GM/ES-053', 'GM/ES-001', 'GM/ES-023', 'GM/ES-004', 'GM/ES-078', 'GM/CS-020', 'GM/CS-092', 'GM/ES-034', 'GM/ES-009', 'GM/CS-037', 'GM/ES-018', 'GM/ES-022', 'GM/ES-028', 'GM/ES-026', 'GM/CS-031', 'GM/CS-078', 'GM/CS-091', 'GM/ES-074', 'GM/ES-010', 'GM/CS-051', 'GM/CS-069', 'GM/CS-045', 'GM/ES-067', 'GM/CS-111', 'GM/ES-055', 'GM/CS-003', 'GM/CS-023', 'GM/CS-095', 'GM/CS-027', 'GM/CS-038', 'GM/ES-025', 'GM/CS-057', 'GM/CS-030', 'GM/CS-024', 'GM/ES-027', 'GM/ES-088', 'GM/ES-024', 'GM/CS-035', 'GM/ES-015', 'GM/ES-003', 'GM/ES-066']"
MM0CMV/P,"['GM/ES-006', 'GM/ES-036', 'GM/CS-009', 'GM/CS-088', 'GM/ES-012', 'GM/ES-052', 'GM/WS-271', 'GM/CS-086', 'GM/ES-043', 'GM/ES-050', 'GM/CS-061', 'GM/ES-008', 'GM/ES-038', 'GM/CS-014', 'GM/ES-046', 'GM/CS-046', 'GM/WS-277', 'GM/ES-030', 'GM/CS-011', 'GM/ES-011', 'GM/ES-042', 'GM/ES-019', 'GM/ES-017', 'GM/CS-039', 'GM/ES-014', 'GM/CS-060', 'GM/CS-028', 'GM/ES-049', 'GM/ES-002', 'GM/CS-022', 'GM/ES-040', 'GM/CS-077', 'GM/ES-029', 'GM/CS-084', 'GM/CS-036', 'GM/CS-105', 'GM/ES-005', 'GM/CS-112', 'GM/ES-013', 'GM/ES-007', 'GM/ES-053', 'GM/ES-001', 'GM/ES-023', 'GM/ES-004', 'GM/ES-078', 'GM/CS-020', 'GM/CS-092', 'GM/ES-034', 'GM/ES-009', 'GM/CS-037', 'GM/ES-018', 'GM/ES-022', 'GM/ES-028', 'GM/ES-026', 'GM/CS-031', 'GM/CS-078', 'GM/CS-091', 'GM/ES-074', 'GM/ES-010', 'GM/CS-051', 'GM/CS-069', 'GM/CS-045', 'GM/ES-067', 'GM/CS-111', 'GM/ES-055', 'GM/CS-003', 'GM/CS-023', 'GM/CS-095', 'GM/CS-027', 'GM/CS-038', 'GM/ES-025', 'GM/CS-057', 'GM/CS-030', 'GM/CS-024', 'GM/ES-027', 'GM/ES-088', 'GM/ES-024', 'GM/CS-035', 'GM/ES-015', 'GM/ES-003', 'GM/ES-066']"
MM/OE5EEP/P,"['GM/ES-006', 'GM/ES-036', 'GM/CS-009', 'GM/CS-088', 'GM/ES-012', 'GM/ES-052', 'GM/WS-271', 'GM/CS-086', 'GM/ES-043', 'GM/ES-050', 'GM/CS-061', 'GM/ES-008', 'GM/ES-038', 'GM/CS-014', 'GM/ES-046', 'GM/CS-046', 'GM/WS-277', 'GM/ES-030', 'GM/CS-011', 'GM/ES-011', 'GM/ES-042', 'GM/ES-019', 'GM/ES-017', 'GM/CS-039', 'GM/ES-014', 'GM/CS-060', 'GM/CS-028', 'GM/ES-049', 'GM/ES-002', 'GM/CS-022', 'GM/ES-040', 'GM/CS-077', 'GM/ES-029', 'GM/CS-084', 'GM/CS-036', 'GM/CS-105', 'GM/ES-005', 'GM/CS-112', 'GM/ES-013', 'GM/ES-007', 'GM/ES-053', 'GM/ES-001', 'GM/ES-023', 'GM/ES-004', 'GM/ES-078', 'GM/CS-020', 'GM/CS-092', 'GM/ES-034', 'GM/ES-009', 'GM/CS-037', 'GM/ES-018', 'GM/ES-022', 'GM/ES-028', 'GM/ES-026', 'GM/CS-031', 'GM/CS-078', 'GM/CS-091', 'GM/ES-074', 'GM/ES-010', 'GM/CS-051', 'GM/CS-069', 'GM/CS-045', 'GM/ES-067', 'GM/CS-111', 'GM/ES-055', 'GM/CS-003', 'GM/CS-023', 'GM/CS-095', 'GM/CS-027', 'GM/CS-038', 'GM/ES-025', 'GM/CS-057', 'GM/CS-030', 'GM/CS-024', 'GM/ES-027', 'GM/ES-088', 'GM/ES-024', 'GM/CS-035', 'GM/ES-015', 'GM/ES-003', 'GM/ES-066']"
GG100GGR,"['GM/ES-006', 'GM/ES-036', 'GM/CS-009', 'GM/CS-088', 'GM/ES-012', 'GM/ES-052', 'GM/WS-271', 'GM/CS-086', 'GM/ES-043', 'GM/ES-050', 'GM/CS-061', 'GM/ES-008', 'GM/ES-038', 'GM/CS-014', 'GM/ES-046', 'GM/CS-046', 'GM/WS-277', 'GM/ES-030', 'GM/CS-011', 'GM/ES-011', 'GM/ES-042', 'GM/ES-019', 'GM/ES-017', 'GM/CS-039', 'GM/ES-014', 'GM/CS-060', 'GM/CS-028', 'GM/ES-049', 'GM/ES-002', 'GM/CS-022', 'GM/ES-040', 'GM/CS-077', 'GM/ES-029', 'GM/CS-084', 'GM/CS-036', 'GM/CS-105', 'GM/ES-005', 'GM/CS-112', 'GM/ES-013', 'GM/ES-007', 'GM/ES-053', 'GM/ES-001', 'GM/ES-023', 'GM/ES-004', 'GM/ES-078', 'GM/CS-020', 'GM/CS-092', 'GM/ES-034', 'GM/ES-009', 'GM/CS-037', 'GM/ES-018', 'GM/ES-022', 'GM/ES-028', 'GM/ES-026', 'GM/CS-031', 'GM/CS-078', 'GM/CS-091', 'GM/ES-074', 'GM/ES-010', 'GM/CS-051', 'GM/CS-069', 'GM/CS-045', 'GM/ES-067', 'GM/CS-111', 'GM/ES-055', 'GM/CS-003', 'GM/CS-023', 'GM/CS-095', 'GM/CS-027', 'GM/CS-038', 'GM/ES-025', 'GM/CS-057', 'GM/CS-024', 'GM/CS-029', 'GM/ES-027', 'GM/ES-088', 'GM/ES-024', 'GM/CS-035', 'GM/ES-015', 'GM/ES-003', 'GM/ES-066']"
GM4ZRP/P,"['GM/ES-006', 'GM/ES-036', 'GM/CS-009', 'GM/CS-088', 'GM/ES-012', 'GM/ES-052', 'GM/WS-271', 'GM/CS-086', 'GM/ES-043', 'GM/ES-050', 'GM/CS-061', 'GM/ES-008', 'GM/ES-038', 'GM/CS-014', 'GM/ES-046', 'GM/CS-046', 'GM/WS-277', 'GM/ES-030', 'GM/CS-011', 'GM/ES-011', 'GM/ES-042', 'GM/ES-019', 'GM/ES-017', 'GM/CS-039', 'GM/ES-014', 'GM/CS-060', 'GM/CS-028', 'GM/ES-049', 'GM/ES-002', 'GM/CS-022', 'GM/ES-040', 'GM/CS-077', 'GM/ES-029', 'GM/CS-084', 'GM/CS-036', 'GM/CS-105', 'GM/ES-005', 'GM/CS-112', 'GM/ES-013', 'GM/ES-007', 'GM/ES-053', 'GM/ES-001', 'GM/ES-023', 'GM/ES-004', 'GM/ES-078', 'GM/CS-020', 'GM/CS-092', 'GM/ES-034', 'GM/ES-009', 'GM/CS-037', 'GM/ES-018', 'GM/ES-022', 'GM/ES-028', 'GM/ES-026', 'GM/CS-031', 'GM/CS-078', 'GM/CS-091', 'GM/ES-074', 'GM/ES-010', 'GM/CS-051', 'GM/CS-069', 'GM/CS-045', 'GM/ES-067', 'GM/CS-111', 'GM/ES-055', 'GM/CS-003', 'GM/CS-023', 'GM/CS-095', 'GM/CS-027', 'GM/CS-038', 'GM/ES-025', 'GM/CS-057', 'GM/CS-024', 'GM/CS-029', 'GM/ES-027', 'GM/ES-088', 'GM/ES-024', 'GM/CS-035', 'GM/ES-015', 'GM/ES-003', 'GM/ES-066']"
GM4ZFZ/P,"['GM/ES-006', 'GM/ES-036', 'GM/CS-009', 'GM/ES-012', 'GM/ES-052', 'GM/ES-043', 'GM/ES-050', 'GM/CS-061', 'GM/ES-008', 'GM/ES-038', 'GM/CS-014', 'GM/ES-046', 'GM/CS-046', 'GM/ES-030', 'GM/CS-011', 'GM/ES-011', 'GM/ES-042', 'GM/ES-019', 'GM/ES-017', 'GM/CS-039', 'GM/ES-014', 'GM/CS-060', 'GM/CS-028', 'GM/ES-049', 'GM/ES-002', 'GM/CS-022', 'GM/ES-040', 'GM/CS-077', 'GM/ES-029', 'GM/CS-084', 'GM/CS-036', 'GM/CS-105', 'GM/ES-005', 'GM/CS-112', 'GM/ES-013', 'GM/ES-007', 'GM/ES-053', 'GM/ES-001', 'GM/ES-023', 'GM/ES-004', 'GM/ES-078', 'GM/CS-020', 'GM/CS-092', 'GM/ES-034', 'GM/ES-009', 'GM/ES-018', 'GM/ES-022', 'GM/ES-028', 'GM/ES-026', 'GM/CS-031', 'GM/CS-078', 'GM/CS-091', 'GM/ES-074', 'GM/ES-010', 'GM/CS-051', 'GM/CS-069', 'GM/CS-045', 'GM/ES-067', 'GM/ES-055', 'GM/CS-003', 'GM/CS-023', 'GM/CS-027', 'GM/CS-038', 'GM/ES-025', 'GM/CS-057', 'GM/CS-030', 'GM/CS-024', 'GM/CS-029', 'GM/ES-027', 'GM/ES-088', 'GM/ES-024', 'GM/CS-035', 'GM/ES-015', 'GM/ES-003', 'GM/ES-066']"
MM1BJP,"['GM/ES-006', 'GM/ES-036', 'GM/CS-009', 'GM/CS-088', 'GM/ES-012', 'GM/ES-052', 'GM/WS-271', 'GM/CS-086', 'GM/ES-043', 'GM/ES-050', 'GM/CS-061', 'GM/ES-008', 'GM/ES-038', 'GM/CS-014', 'GM/ES-046', 'GM/CS-046', 'GM/WS-277', 'GM/ES-030', 'GM/CS-011', 'GM/ES-011', 'GM/ES-042', 'GM/ES-019', 'GM/ES-017', 'GM/CS-039', 'GM/ES-014', 'GM/CS-060', 'GM/CS-028', 'GM/ES-049', 'GM/ES-002', 'GM/CS-022', 'GM/ES-040', 'GM/CS-077', 'GM/ES-029', 'GM/CS-084', 'GM/CS-036', 'GM/CS-105', 'GM/ES-005', 'GM/CS-112', 'GM/ES-013', 'GM/ES-007', 'GM/ES-053', 'GM/ES-001', 'GM/ES-023', 'GM/ES-004', 'GM/ES-078', 'GM/CS-020', 'GM/CS-092', 'GM/ES-034', 'GM/ES-009', 'GM/ES-018', 'GM/ES-022', 'GM/ES-028', 'GM/ES-026', 'GM/CS-031', 'GM/CS-078', 'GM/CS-091', 'GM/ES-074', 'GM/ES-010', 'GM/CS-051', 'GM/CS-069', 'GM/CS-045', 'GM/ES-067', 'GM/CS-111', 'GM/ES-055', 'GM/CS-003', 'GM/CS-023', 'GM/CS-095', 'GM/CS-027', 'GM/CS-038', 'GM/ES-025', 'GM/CS-057', 'GM/CS-030', 'GM/CS-024', 'GM/CS-029', 'GM/ES-027', 'GM/ES-088', 'GM/ES-024', 'GM/CS-035', 'GM/ES-015', 'GM/ES-003', 'GM/ES-066']"
MM5NEX,"['GM/ES-006', 'GM/ES-036', 'GM/CS-009', 'GM/CS-088', 'GM/ES-012', 'GM/ES-052', 'GM/WS-271', 'GM/ES-043', 'GM/ES-050', 'GM/CS-061', 'GM/ES-008', 'GM/ES-038', 'GM/CS-014', 'GM/ES-046', 'GM/CS-046', 'GM/WS-277', 'GM/ES-030', 'GM/CS-011', 'GM/ES-011', 'GM/ES-042', 'GM/ES-019', 'GM/ES-017', 'GM/CS-039', 'GM/ES-014', 'GM/CS-060', 'GM/CS-028', 'GM/ES-049', 'GM/ES-002', 'GM/CS-022', 'GM/ES-040', 'GM/CS-077', 'GM/ES-029', 'GM/CS-084', 'GM/CS-036', 'GM/CS-105', 'GM/ES-005', 'GM/CS-112', 'GM/ES-013', 'GM/ES-007', 'GM/ES-053', 'GM/ES-001', 'GM/ES-023', 'GM/ES-004', 'GM/ES-078', 'GM/CS-020', 'GM/CS-092', 'GM/ES-034', 'GM/ES-009', 'GM/CS-037', 'GM/ES-018', 'GM/ES-022', 'GM/ES-028', 'GM/ES-026', 'GM/CS-031', 'GM/CS-078', 'GM/CS-091', 'GM/ES-074', 'GM/ES-010', 'GM/CS-051', 'GM/CS-069', 'GM/CS-045', 'GM/ES-067', 'GM/CS-111', 'GM/ES-055', 'GM/CS-003', 'GM/CS-023', 'GM/CS-095', 'GM/CS-027', 'GM/CS-038', 'GM/ES-025', 'GM/CS-057', 'GM/CS-030', 'GM/CS-024', 'GM/CS-029', 'GM/ES-027', 'GM/ES-088', 'GM/ES-024', 'GM/CS-035', 'GM/ES-015', 'GM/ES-003', 'GM/ES-066']"
MM/OE3CHC/P,"['GM/ES-006', 'GM/ES-036', 'GM/CS-009', 'GM/CS-088', 'GM/ES-012', 'GM/ES-052', 'GM/WS-271', 'GM/CS-086', 'GM/ES-043', 'GM/ES-050', 'GM/CS-061', 'GM/ES-008', 'GM/ES-038', 'GM/CS-014', 'GM/ES-046', 'GM/CS-046', 'GM/WS-277', 'GM/ES-030', 'GM/CS-011', 'GM/ES-011', 'GM/ES-042', 'GM/ES-019', 'GM/ES-017', 'GM/CS-039', 'GM/ES-014', 'GM/CS-060', 'GM/CS-028', 'GM/ES-049', 'GM/ES-002', 'GM/CS-022', 'GM/ES-040', 'GM/CS-077', 'GM/ES-029', 'GM/CS-084', 'GM/CS-036', 'GM/CS-105', 'GM/ES-005', 'GM/CS-112', 'GM/ES-013', 'GM/ES-007', 'GM/ES-053', 'GM/ES-001', 'GM/ES-023', 'GM/ES-004', 'GM/ES-078', 'GM/CS-020', 'GM/CS-092', 'GM/ES-034', 'GM/ES-009', 'GM/CS-037', 'GM/ES-018', 'GM/ES-022', 'GM/ES-028', 'GM/ES-026', 'GM/CS-031', 'GM/CS-078', 'GM/CS-091', 'GM/ES-074', 'GM/ES-010', 'GM/CS-051', 'GM/CS-069', 'GM/CS-045', 'GM/ES-067', 'GM/ES-055', 'GM/CS-003', 'GM/CS-023', 'GM/CS-095', 'GM/CS-027', 'GM/CS-038', 'GM/ES-025', 'GM/CS-057', 'GM/CS-030', 'GM/CS-024', 'GM/CS-029', 'GM/ES-027', 'GM/ES-088', 'GM/ES-024', 'GM/CS-035', 'GM/ES-015', 'GM/ES-003', 'GM/ES-066']"
