Callsign,SummitsActivated,Award,AwardDate,RemainingSummits
GM4TOE/P,77,Osprey Outlander,2011-05-01,"['GM/CS-031', 'GM/CS-051', 'GM/CS-045', 'GM/ES-088', 'GM/CS-023']"
MM1EYO/P,3,Heather Hopper,2011-04-19,"['GM/ES-006', 'GM/ES-036', 'GM/CS-009', 'GM/CS-088', 'GM/ES-012', 'GM/ES-052', 'GM/WS-271', 'GM/CS-086', 'GM/ES-043', 'GM/ES-050', 'GM/CS-061', 'GM/ES-038', 'GM/CS-014', 'GM/ES-046', 'GM/CS-046', 'GM/WS-277', 'GM/ES-030', 'GM/CS-011', 'GM/ES-011', 'GM/ES-042', 'GM/ES-019', 'GM/ES-017', 'GM/CS-039', 'GM/ES-014', 'GM/CS-060', 'GM/CS-028', 'GM/ES-049', 'GM/ES-002', 'GM/CS-022', 'GM/ES-040', 'GM/CS-077', 'GM/ES-029', 'GM/CS-084', 'GM/CS-036', 'GM/CS-105', 'GM/ES-005', 'GM/CS-112', 'GM/ES-013', 'GM/ES-007', 'GM/ES-053', 'GM/ES-001', 'GM/ES-023', 'GM/ES-004', 'GM/ES-078', 'GM/CS-020', 'GM/CS-092', 'GM/ES-034', 'GM/ES-009', 'GM/CS-037', 'GM/ES-018', 'GM/ES-022', 'GM/ES-028', 'GM/ES-026', 'GM/CS-031', 'GM/CS-078', 'GM/CS-091', 'GM/ES-074', 'GM/ES-010', 'GM/CS-051', 'GM/CS-069', 'GM/CS-045', 'GM/ES-067', 'GM/CS-111', 'GM/ES-055', 'GM/CS-003', 'GM/CS-023', 'GM/CS-095', 'GM/CS-027', 'GM/CS-038', 'GM/ES-025', 'GM/CS-057', 'GM/CS-030', 'GM/CS-024', 'GM/CS-029', 'GM/ES-088', 'GM/ES-024', 'GM/ES-015', 'GM/ES-003', 'GM/ES-066']"
MM1EYP/P,4,Heather Hopper,2010-08-26,"['GM/ES-006', 'GM/ES-036', 'GM/CS-009', 'GM/CS-088', 'GM/ES-012', 'GM/ES-052', 'GM/WS-271', 'GM/CS-086', 'GM/ES-043', 'GM/ES-050', 'GM/CS-061', 'GM/ES-008', 'GM/ES-038', 'GM/CS-014', 'GM/ES-046', 'GM/CS-046', 'GM/WS-277', 'GM/ES-030', 'GM/CS-011', 'GM/ES-011', 'GM/ES-042', 'GM/ES-019', 'GM/CS-039', 'GM/ES-014', 'GM/CS-060', 'GM/CS-028', 'GM/ES-049', 'GM/ES-002', 'GM/CS-022', 'GM/ES-040', 'GM/CS-077', 'GM/ES-029', 'GM/CS-084', 'GM/CS-036', 'GM/CS-105', 'GM/CS-112', 'GM/ES-013', 'GM/ES-007', 'GM/ES-053', 'GM/ES-023', 'GM/ES-004', 'GM/ES-078', 'GM/CS-020', 'GM/CS-092', 'GM/ES-034', 'GM/ES-009', 'GM/CS-037', 'GM/ES-018', 'GM/ES-022', 'GM/ES-028', 'GM/ES-026', 'GM/CS-031', 'GM/CS-078', 'GM/CS-091', 'GM/ES-074', 'GM/CS-051', 'GM/CS-069', 'GM/CS-045', 'GM/ES-067', 'GM/CS-111', 'GM/ES-055', 'GM/CS-003', 'GM/CS-023', 'GM/CS-095', 'GM/CS-027', 'GM/CS-038', 'GM/ES-025', 'GM/CS-057', 'GM/CS-030', 'GM/CS-024', 'GM/CS-029', 'GM/ES-027', 'GM/ES-088', 'GM/ES-024', 'GM/CS-035', 'GM/ES-015', 'GM/ES-003', 'GM/ES-066']"
GM0AXY/P,3,Heather Hopper,2011-07-27,"['GM/ES-006', 'GM/ES-036', 'GM/CS-009', 'GM/CS-088', 'GM/ES-012', 'GM/ES-052', 'GM/WS-271', 'GM/CS-086', 'GM/ES-043', 'GM/ES-050', 'GM/CS-061', 'GM/ES-008', 'GM/ES-038', 'GM/CS-014', 'GM/CS-046', 'GM/WS-277', 'GM/ES-030', 'GM/CS-011', 'GM/ES-011', 'GM/ES-042', 'GM/ES-019', 'GM/ES-017', 'GM/CS-039', 'GM/ES-014', 'GM/CS-028', 'GM/ES-049', 'GM/ES-002', 'GM/CS-022', 'GM/ES-040', 'GM/CS-077', 'GM/ES-029', 'GM/CS-084', 'GM/CS-036', 'GM/CS-105', 'GM/ES-005', 'GM/CS-112', 'GM/ES-013', 'GM/ES-007', 'GM/ES-053', 'GM/ES-001', 'GM/ES-023', 'GM/ES-004', 'GM/ES-078', 'GM/CS-020', 'GM/CS-092', 'GM/ES-034', 'GM/ES-009', 'GM/CS-037', 'GM/ES-018', 'GM/ES-022', 'GM/ES-028', 'GM/ES-026', 'GM/CS-031', 'GM/CS-078', 'GM/CS-091', 'GM/ES-074', 'GM/ES-010', 'GM/CS-051', 'GM/CS-069', 'GM/CS-045', 'GM/ES-067', 'GM/CS-111', 'GM/ES-055', 'GM/CS-003', 'GM/CS-023', 'GM/CS-095', 'GM/CS-027', 'GM/CS-038', 'GM/ES-025', 'GM/CS-057', 'GM/CS-030', 'GM/CS-024', 'GM/CS-029', 'GM/ES-088', 'GM/ES-024', 'GM/CS-035', 'GM/ES-015', 'GM/ES-003', 'GM/ES-066']"
GM4YMM/P,3,Heather Hopper,2011-07-27,"['GM/ES-006', 'GM/ES-036', 'GM/CS-009', 'GM/CS-088', 'GM/ES-012', 'GM/ES-052', 'GM/WS-271', 'GM/CS-086', 'GM/ES-043', 'GM/ES-050', 'GM/CS-061', 'GM/ES-008', 'GM/ES-038', 'GM/CS-014', 'GM/CS-046', 'GM/WS-277', 'GM/ES-030', 'GM/CS-011', 'GM/ES-011', 'GM/ES-042', 'GM/ES-019', 'GM/ES-017', 'GM/CS-039', 'GM/ES-014', 'GM/CS-028', 'GM/ES-049', 'GM/ES-002', 'GM/CS-022', 'GM/ES-040', 'GM/CS-077', 'GM/ES-029', 'GM/CS-084', 'GM/CS-036', 'GM/CS-105', 'GM/ES-005', 'GM/CS-112', 'GM/ES-013', 'GM/ES-007', 'GM/ES-053', 'GM/ES-001', 'GM/ES-023', 'GM/ES-004', 'GM/ES-078', 'GM/CS-020', 'GM/CS-092', 'GM/ES-034', 'GM/ES-009', 'GM/CS-037', 'GM/ES-018', 'GM/ES-022', 'GM/ES-028', 'GM/ES-026', 'GM/CS-031', 'GM/CS-078', 'GM/CS-091', 'GM/ES-074', 'GM/ES-010', 'GM/CS-051', 'GM/CS-069', 'GM/CS-045', 'GM/ES-067', 'GM/CS-111', 'GM/ES-055', 'GM/CS-003', 'GM/CS-023', 'GM/CS-095', 'GM/CS-027', 'GM/CS-038', 'GM/ES-025', 'GM/CS-057', 'GM/CS-030', 'GM/CS-024', 'GM/CS-029', 'GM/ES-088', 'GM/ES-024', 'GM/CS-035', 'GM/ES-015', 'GM/ES-003', 'GM/ES-066']"
MM1BJP,1,Heather Hopper,2005-06-11,"['GM/ES-006', 'GM/ES-036', 'GM/CS-009', 'GM/CS-088', 'GM/ES-012', 'GM/ES-052', 'GM/WS-271', 'GM/CS-086', 'GM/ES-043', 'GM/ES-050', 'GM/CS-061', 'GM/ES-008', 'GM/ES-038', 'GM/CS-014', 'GM/ES-046', 'GM/CS-046', 'GM/WS-277', 'GM/ES-030', 'GM/CS-011', 'GM/ES-011', 'GM/ES-042', 'GM/ES-019', 'GM/ES-017', 'GM/CS-039', 'GM/ES-014', 'GM/CS-060', 'GM/CS-028', 'GM/ES-049', 'GM/ES-002', 'GM/CS-022', 'GM/ES-040', 'GM/CS-077', 'GM/ES-029', 'GM/CS-084', 'GM/CS-036', 'GM/CS-105', 'GM/ES-005', 'GM/CS-112', 'GM/ES-013', 'GM/ES-007', 'GM/ES-053', 'GM/ES-001', 'GM/ES-023', 'GM/ES-004', 'GM/ES-078', 'GM/CS-020', 'GM/CS-092', 'GM/ES-034', 'GM/ES-009', 'GM/ES-018', 'GM/ES-022', 'GM/ES-028', 'GM/ES-026', 'GM/CS-031', 'GM/CS-078', 'GM/CS-091', 'GM/ES-074', 'GM/ES-010', 'GM/CS-051', 'GM/CS-069', 'GM/CS-045', 'GM/ES-067', 'GM/CS-111', 'GM/ES-055', 'GM/CS-003', 'GM/CS-023', 'GM/CS-095', 'GM/CS-027', 'GM/CS-038', 'GM/ES-025', 'GM/CS-057', 'GM/CS-030', 'GM/CS-024', 'GM/CS-029', 'GM/ES-027', 'GM/ES-088', 'GM/ES-024', 'GM/CS-035', 'GM/ES-015', 'GM/ES-003', 'GM/ES-066']"
GM4YSS/P,1,Heather Hopper,2018-05-10,"['GM/ES-006', 'GM/ES-036', 'GM/CS-009', 'GM/CS-088', 'GM/ES-012', 'GM/ES-052', 'GM/WS-271', 'GM/CS-086', 'GM/ES-043', 'GM/ES-050', 'GM/CS-061', 'GM/ES-008', 'GM/ES-038', 'GM/CS-014', 'GM/ES-046', 'GM/CS-046', 'GM/WS-277', 'GM/ES-030', 'GM/CS-011', 'GM/ES-011', 'GM/ES-042', 'GM/ES-019', 'GM/ES-017', 'GM/CS-039', 'GM/ES-014', 'GM/CS-060', 'GM/CS-028', 'GM/ES-049', 'GM/ES-002', 'GM/CS-022', 'GM/ES-040', 'GM/CS-077', 'GM/ES-029', 'GM/CS-084', 'GM/CS-036', 'GM/CS-105', 'GM/ES-005', 'GM/CS-112', 'GM/ES-013', 'GM/ES-007', 'GM/ES-053', 'GM/ES-023', 'GM/ES-004', 'GM/ES-078', 'GM/CS-020', 'GM/CS-092', 'GM/ES-034', 'GM/ES-009', 'GM/CS-037', 'GM/ES-018', 'GM/ES-022', 'GM/ES-028', 'GM/ES-026', 'GM/CS-031', 'GM/CS-078', 'GM/CS-091', 'GM/ES-074', 'GM/ES-010', 'GM/CS-051', 'GM/CS-069', 'GM/CS-045', 'GM/ES-067', 'GM/CS-111', 'GM/ES-055', 'GM/CS-003', 'GM/CS-023', 'GM/CS-095', 'GM/CS-027', 'GM/CS-038', 'GM/ES-025', 'GM/CS-057', 'GM/CS-030', 'GM/CS-024', 'GM/CS-029', 'GM/ES-027', 'GM/ES-088', 'GM/ES-024', 'GM/CS-035', 'GM/ES-015', 'GM/ES-003', 'GM/ES-066']"
GM4COX,22,Capercaillie Conqueror,2014-03-14,"['GM/ES-006', 'GM/CS-105', 'GM/ES-005', 'GM/CS-112', 'GM/CS-088', 'GM/ES-013', 'GM/ES-052', 'GM/WS-271', 'GM/ES-007', 'GM/ES-053', 'GM/CS-086', 'GM/ES-001', 'GM/ES-023', 'GM/ES-050', 'GM/CS-061', 'GM/ES-004', 'GM/ES-078', 'GM/CS-020', 'GM/ES-038', 'GM/CS-014', 'GM/CS-092', 'GM/ES-034', 'GM/CS-037', 'GM/ES-018', 'GM/ES-046', 'GM/CS-046', 'GM/ES-026', 'GM/CS-031', 'GM/CS-091', 'GM/WS-277', 'GM/ES-030', 'GM/CS-051', 'GM/ES-011', 'GM/CS-011', 'GM/ES-010', 'GM/ES-042', 'GM/CS-069', 'GM/ES-017', 'GM/ES-067', 'GM/CS-039', 'GM/CS-045', 'GM/CS-111', 'GM/ES-049', 'GM/CS-095', 'GM/CS-023', 'GM/CS-027', 'GM/ES-040', 'GM/CS-038', 'GM/ES-025', 'GM/CS-057', 'GM/ES-029', 'GM/CS-030', 'GM/CS-024', 'GM/ES-024', 'GM/ES-088', 'GM/CS-035', 'GM/ES-015', 'GM/CS-084', 'GM/CS-036', 'GM/ES-066']"
GM4UXX,1,Heather Hopper,2003-07-09,"['GM/ES-006', 'GM/ES-036', 'GM/CS-009', 'GM/CS-088', 'GM/ES-052', 'GM/WS-271', 'GM/CS-086', 'GM/ES-043', 'GM/ES-050', 'GM/CS-061', 'GM/ES-008', 'GM/ES-038', 'GM/CS-014', 'GM/ES-046', 'GM/CS-046', 'GM/WS-277', 'GM/ES-030', 'GM/CS-011', 'GM/ES-011', 'GM/ES-042', 'GM/ES-019', 'GM/ES-017', 'GM/CS-039', 'GM/ES-014', 'GM/CS-060', 'GM/CS-028', 'GM/ES-049', 'GM/ES-002', 'GM/CS-022', 'GM/ES-040', 'GM/CS-077', 'GM/ES-029', 'GM/CS-084', 'GM/CS-036', 'GM/CS-105', 'GM/ES-005', 'GM/CS-112', 'GM/ES-013', 'GM/ES-007', 'GM/ES-053', 'GM/ES-001', 'GM/ES-023', 'GM/ES-004', 'GM/ES-078', 'GM/CS-020', 'GM/CS-092', 'GM/ES-034', 'GM/ES-009', 'GM/CS-037', 'GM/ES-018', 'GM/ES-022', 'GM/ES-028', 'GM/ES-026', 'GM/CS-031', 'GM/CS-078', 'GM/CS-091', 'GM/ES-074', 'GM/ES-010', 'GM/CS-051', 'GM/CS-069', 'GM/CS-045', 'GM/ES-067', 'GM/CS-111', 'GM/ES-055', 'GM/CS-003', 'GM/CS-023', 'GM/CS-095', 'GM/CS-027', 'GM/CS-038', 'GM/ES-025', 'GM/CS-057', 'GM/CS-030', 'GM/CS-024', 'GM/CS-029', 'GM/ES-027', 'GM/ES-088', 'GM/ES-024', 'GM/CS-035', 'GM/ES-015', 'GM/ES-003', 'GM/ES-066']"
MM1MAJ/P,14,Capercaillie Conqueror,2019-09-19,"['GM/ES-006', 'GM/ES-036', 'GM/CS-009', 'GM/CS-088', 'GM/ES-052', 'GM/WS-271', 'GM/CS-086', 'GM/ES-050', 'GM/CS-061', 'GM/ES-008', 'GM/ES-038', 'GM/CS-014', 'GM/ES-046', 'GM/CS-046', 'GM/WS-277', 'GM/ES-030', 'GM/CS-011', 'GM/ES-011', 'GM/ES-019', 'GM/ES-017', 'GM/CS-060', 'GM/ES-049', 'GM/ES-002', 'GM/CS-022', 'GM/ES-040', 'GM/CS-077', 'GM/ES-029', 'GM/CS-084', 'GM/CS-036', 'GM/CS-105', 'GM/ES-005', 'GM/CS-112', 'GM/ES-013', 'GM/ES-007', 'GM/ES-053', 'GM/ES-001', 'GM/ES-023', 'GM/ES-004', 'GM/ES-078', 'GM/CS-020', 'GM/CS-092', 'GM/ES-034', 'GM/CS-037', 'GM/ES-018', 'GM/ES-022', 'GM/ES-026', 'GM/CS-031', 'GM/CS-091', 'GM/ES-010', 'GM/CS-051', 'GM/CS-069', 'GM/CS-045', 'GM/ES-067', 'GM/ES-055', 'GM/CS-003', 'GM/CS-023', 'GM/CS-095', 'GM/CS-027', 'GM/CS-038', 'GM/ES-025', 'GM/CS-057', 'GM/CS-024', 'GM/CS-029', 'GM/ES-088', 'GM/ES-024', 'GM/ES-015', 'GM/ES-003', 'GM/ES-066']"
GM7PKT/P,64,Osprey Outlander,2017-09-23,"['GM/ES-006', 'GM/ES-046', 'GM/ES-026', 'GM/ES-050', 'GM/ES-005', 'GM/ES-004', 'GM/ES-078', 'GM/ES-025', 'GM/ES-011', 'GM/CS-024', 'GM/ES-042', 'GM/ES-088', 'GM/ES-067', 'GM/CS-045', 'GM/ES-015', 'GM/CS-060', 'GM/ES-055', 'GM/CS-027']"
GM1INK/P,6,Ptarmigan Pioneer,2016-08-18,"['GM/ES-006', 'GM/CS-009', 'GM/CS-088', 'GM/ES-052', 'GM/WS-271', 'GM/ES-043', 'GM/ES-050', 'GM/CS-061', 'GM/ES-008', 'GM/ES-038', 'GM/CS-014', 'GM/ES-046', 'GM/CS-046', 'GM/WS-277', 'GM/ES-030', 'GM/CS-011', 'GM/ES-011', 'GM/ES-042', 'GM/ES-019', 'GM/ES-017', 'GM/CS-039', 'GM/ES-014', 'GM/CS-060', 'GM/CS-028', 'GM/ES-049', 'GM/ES-002', 'GM/CS-022', 'GM/ES-040', 'GM/CS-077', 'GM/CS-084', 'GM/CS-036', 'GM/CS-105', 'GM/ES-005', 'GM/CS-112', 'GM/ES-013', 'GM/ES-007', 'GM/ES-053', 'GM/ES-001', 'GM/ES-023', 'GM/ES-004', 'GM/ES-078', 'GM/CS-020', 'GM/CS-092', 'GM/ES-034', 'GM/ES-009', 'GM/CS-037', 'GM/ES-028', 'GM/ES-026', 'GM/CS-031', 'GM/CS-078', 'GM/CS-091', 'GM/ES-074', 'GM/ES-010', 'GM/CS-051', 'GM/CS-069', 'GM/CS-045', 'GM/ES-067', 'GM/CS-111', 'GM/ES-055', 'GM/CS-003', 'GM/CS-023', 'GM/CS-095', 'GM/CS-027', 'GM/CS-038', 'GM/ES-025', 'GM/CS-057', 'GM/CS-030', 'GM/CS-024', 'GM/CS-029', 'GM/ES-027', 'GM/ES-088', 'GM/ES-024', 'GM/CS-035', 'GM/ES-015', 'GM/ES-003', 'GM/ES-066']"
GM4ZFZ/P,7,Ptarmigan Pioneer,2005-12-24,"['GM/ES-006', 'GM/ES-036', 'GM/CS-009', 'GM/ES-012', 'GM/ES-052', 'GM/ES-043', 'GM/ES-050', 'GM/CS-061', 'GM/ES-008', 'GM/ES-038', 'GM/CS-014', 'GM/ES-046', 'GM/CS-046', 'GM/ES-030', 'GM/CS-011', 'GM/ES-011', 'GM/ES-042', 'GM/ES-019', 'GM/ES-017', 'GM/CS-039', 'GM/ES-014', 'GM/CS-060', 'GM/CS-028', 'GM/ES-049', 'GM/ES-002', 'GM/CS-022', 'GM/ES-040', 'GM/CS-077', 'GM/ES-029', 'GM/CS-084', 'GM/CS-036', 'GM/CS-105', 'GM/ES-005', 'GM/CS-112', 'GM/ES-013', 'GM/ES-007', 'GM/ES-053', 'GM/ES-001', 'GM/ES-023', 'GM/ES-004', 'GM/ES-078', 'GM/CS-020', 'GM/CS-092', 'GM/ES-034', 'GM/ES-009', 'GM/ES-018', 'GM/ES-022', 'GM/ES-028', 'GM/ES-026', 'GM/CS-031', 'GM/CS-078', 'GM/CS-091', 'GM/ES-074', 'GM/ES-010', 'GM/CS-051', 'GM/CS-069', 'GM/CS-045', 'GM/ES-067', 'GM/ES-055', 'GM/CS-003', 'GM/CS-023', 'GM/CS-027', 'GM/CS-038', 'GM/ES-025', 'GM/CS-057', 'GM/CS-030', 'GM/CS-024', 'GM/CS-029', 'GM/ES-027', 'GM/ES-088', 'GM/ES-024', 'GM/CS-035', 'GM/ES-015', 'GM/ES-003', 'GM/ES-066']"
MM0DOE/P,6,Ptarmigan Pioneer,2004-08-08,"['GM/ES-006', 'GM/ES-036', 'GM/CS-088', 'GM/ES-012', 'GM/ES-052', 'GM/WS-271', 'GM/CS-086', 'GM/ES-043', 'GM/ES-050', 'GM/CS-061', 'GM/ES-008', 'GM/ES-038', 'GM/ES-046', 'GM/CS-046', 'GM/WS-277', 'GM/ES-030', 'GM/CS-011', 'GM/ES-011', 'GM/ES-042', 'GM/ES-019', 'GM/ES-017', 'GM/CS-039', 'GM/ES-014', 'GM/CS-060', 'GM/CS-028', 'GM/ES-049', 'GM/ES-002', 'GM/CS-022', 'GM/ES-040', 'GM/CS-077', 'GM/ES-029', 'GM/CS-084', 'GM/CS-105', 'GM/ES-005', 'GM/CS-112', 'GM/ES-013', 'GM/ES-007', 'GM/ES-053', 'GM/ES-001', 'GM/ES-023', 'GM/ES-004', 'GM/ES-078', 'GM/CS-092', 'GM/ES-034', 'GM/ES-009', 'GM/CS-037', 'GM/ES-018', 'GM/ES-022', 'GM/ES-028', 'GM/ES-026', 'GM/CS-031', 'GM/CS-078', 'GM/CS-091', 'GM/ES-074', 'GM/ES-010', 'GM/CS-051', 'GM/CS-069', 'GM/CS-045', 'GM/ES-067', 'GM/CS-111', 'GM/ES-055', 'GM/CS-023', 'GM/CS-095', 'GM/CS-027', 'GM/CS-038', 'GM/ES-025', 'GM/CS-057', 'GM/CS-030', 'GM/CS-024', 'GM/ES-027', 'GM/ES-088', 'GM/ES-024', 'GM/CS-035', 'GM/ES-015', 'GM/ES-003', 'GM/ES-066']"
MM/OE5EEP/P,1,Heather Hopper,2014-08-08,"['GM/ES-006', 'GM/ES-036', 'GM/CS-009', 'GM/CS-088', 'GM/ES-012', 'GM/ES-052', 'GM/WS-271', 'GM/CS-086', 'GM/ES-043', 'GM/ES-050', 'GM/CS-061', 'GM/ES-008', 'GM/ES-038', 'GM/CS-014', 'GM/ES-046', 'GM/CS-046', 'GM/WS-277', 'GM/ES-030', 'GM/CS-011', 'GM/ES-011', 'GM/ES-042', 'GM/ES-019', 'GM/ES-017', 'GM/CS-039', 'GM/ES-014', 'GM/CS-060', 'GM/CS-028', 'GM/ES-049', 'GM/ES-002', 'GM/CS-022', 'GM/ES-040', 'GM/CS-077', 'GM/ES-029', 'GM/CS-084', 'GM/CS-036', 'GM/CS-105', 'GM/ES-005', 'GM/CS-112', 'GM/ES-013', 'GM/ES-007', 'GM/ES-053', 'GM/ES-001', 'GM/ES-023', 'GM/ES-004', 'GM/ES-078', 'GM/CS-020', 'GM/CS-092', 'GM/ES-034', 'GM/ES-009', 'GM/CS-037', 'GM/ES-018', 'GM/ES-022', 'GM/ES-028', 'GM/ES-026', 'GM/CS-031', 'GM/CS-078', 'GM/CS-091', 'GM/ES-074', 'GM/ES-010', 'GM/CS-051', 'GM/CS-069', 'GM/CS-045', 'GM/ES-067', 'GM/CS-111', 'GM/ES-055', 'GM/CS-003', 'GM/CS-023', 'GM/CS-095', 'GM/CS-027', 'GM/CS-038', 'GM/ES-025', 'GM/CS-057', 'GM/CS-030', 'GM/CS-024', 'GM/ES-027', 'GM/ES-088', 'GM/ES-024', 'GM/CS-035', 'GM/ES-015', 'GM/ES-003', 'GM/ES-066']"
GM0FIM/P,5,Ptarmigan Pioneer,2005-05-06,"['GM/ES-036', 'GM/CS-009', 'GM/CS-088', 'GM/ES-052', 'GM/WS-271', 'GM/CS-086', 'GM/ES-043', 'GM/ES-050', 'GM/CS-061', 'GM/ES-008', 'GM/ES-038', 'GM/CS-014', 'GM/ES-046', 'GM/CS-046', 'GM/WS-277', 'GM/ES-030', 'GM/CS-011', 'GM/ES-011', 'GM/ES-042', 'GM/ES-019', 'GM/ES-017', 'GM/CS-039', 'GM/ES-014', 'GM/CS-060', 'GM/CS-028', 'GM/ES-049', 'GM/ES-002', 'GM/CS-022', 'GM/ES-040', 'GM/CS-077', 'GM/ES-029', 'GM/CS-084', 'GM/CS-036', 'GM/CS-105', 'GM/CS-112', 'GM/ES-013', 'GM/ES-007', 'GM/ES-053', 'GM/ES-001', 'GM/ES-023', 'GM/ES-078', 'GM/CS-020', 'GM/CS-092', 'GM/ES-034', 'GM/ES-009', 'GM/CS-037', 'GM/ES-018', 'GM/ES-022', 'GM/ES-028', 'GM/ES-026', 'GM/CS-031', 'GM/CS-078', 'GM/CS-091', 'GM/ES-074', 'GM/ES-010', 'GM/CS-051', 'GM/CS-069', 'GM/CS-045', 'GM/ES-067', 'GM/CS-111', 'GM/ES-055', 'GM/CS-003', 'GM/CS-023', 'GM/CS-095', 'GM/CS-027', 'GM/CS-038', 'GM/ES-025', 'GM/CS-057', 'GM/CS-024', 'GM/CS-029', 'GM/ES-027', 'GM/ES-088', 'GM/ES-024', 'GM/CS-035', 'GM/ES-015', 'GM/ES-003', 'GM/ES-066']"
GM0PKX/P,11,Capercaillie Conqueror,2006-04-23,"['GM/ES-006', 'GM/ES-036', 'GM/CS-009', 'GM/CS-088', 'GM/ES-052', 'GM/WS-271', 'GM/CS-086', 'GM/ES-043', 'GM/CS-061', 'GM/ES-038', 'GM/CS-014', 'GM/ES-046', 'GM/CS-046', 'GM/WS-277', 'GM/ES-030', 'GM/CS-011', 'GM/ES-011', 'GM/ES-017', 'GM/CS-039', 'GM/CS-060', 'GM/CS-028', 'GM/ES-002', 'GM/CS-022', 'GM/ES-040', 'GM/CS-077', 'GM/ES-029', 'GM/CS-084', 'GM/CS-036', 'GM/CS-105', 'GM/ES-005', 'GM/CS-112', 'GM/ES-013', 'GM/ES-007', 'GM/ES-001', 'GM/ES-023', 'GM/ES-004', 'GM/CS-020', 'GM/CS-092', 'GM/ES-009', 'GM/CS-037', 'GM/ES-022', 'GM/ES-028', 'GM/ES-026', 'GM/CS-031', 'GM/CS-078', 'GM/CS-091', 'GM/ES-074', 'GM/ES-010', 'GM/CS-051', 'GM/CS-069', 'GM/CS-045', 'GM/ES-067', 'GM/CS-111', 'GM/ES-055', 'GM/CS-003', 'GM/CS-023', 'GM/CS-095', 'GM/CS-027', 'GM/CS-038', 'GM/ES-025', 'GM/CS-057', 'GM/CS-030', 'GM/CS-024', 'GM/CS-029', 'GM/ES-027', 'GM/ES-088', 'GM/ES-024', 'GM/CS-035', 'GM/ES-015', 'GM/ES-003', 'GM/ES-066']"
MM0CBC/P,7,Ptarmigan Pioneer,2024-11-18,"['GM/ES-006', 'GM/ES-036', 'GM/CS-009', 'GM/ES-012', 'GM/ES-052', 'GM/WS-271', 'GM/CS-086', 'GM/ES-043', 'GM/ES-050', 'GM/CS-061', 'GM/ES-008', 'GM/CS-014', 'GM/ES-046', 'GM/CS-046', 'GM/WS-277', 'GM/ES-030', 'GM/CS-011', 'GM/ES-011', 'GM/ES-042', 'GM/ES-019', 'GM/ES-017', 'GM/CS-039', 'GM/ES-014', 'GM/CS-028', 'GM/ES-049', 'GM/ES-002', 'GM/CS-022', 'GM/ES-040', 'GM/CS-077', 'GM/ES-029', 'GM/CS-084', 'GM/CS-036', 'GM/CS-105', 'GM/ES-005', 'GM/CS-112', 'GM/ES-013', 'GM/ES-007', 'GM/ES-053', 'GM/ES-001', 'GM/ES-023', 'GM/ES-004', 'GM/ES-078', 'GM/CS-020', 'GM/CS-092', 'GM/ES-034', 'GM/ES-018', 'GM/ES-022', 'GM/ES-028', 'GM/ES-026', 'GM/CS-031', 'GM/CS-078', 'GM/CS-091', 'GM/ES-010', 'GM/CS-051', 'GM/CS-069', 'GM/CS-045', 'GM/ES-067', 'GM/CS-111', 'GM/ES-055', 'GM/CS-003', 'GM/CS-023', 'GM/CS-095', 'GM/CS-027', 'GM/CS-038', 'GM/ES-025', 'GM/CS-057', 'GM/CS-030', 'GM/CS-024', 'GM/CS-029', 'GM/ES-088', 'GM/ES-024', 'GM/CS-035', 'GM/ES-015', 'GM/ES-003', 'GM/ES-066']"
GM7VJR,1,Heather Hopper,2005-06-05,"['GM/ES-006', 'GM/ES-036', 'GM/CS-009', 'GM/CS-088', 'GM/ES-012', 'GM/ES-052', 'GM/WS-271', 'GM/CS-086', 'GM/ES-043', 'GM/ES-050', 'GM/CS-061', 'GM/ES-038', 'GM/CS-014', 'GM/ES-046', 'GM/CS-046', 'GM/WS-277', 'GM/ES-030', 'GM/CS-011', 'GM/ES-011', 'GM/ES-042', 'GM/ES-019', 'GM/ES-017', 'GM/CS-039', 'GM/ES-014', 'GM/CS-060', 'GM/CS-028', 'GM/ES-049', 'GM/ES-002', 'GM/CS-022', 'GM/ES-040', 'GM/CS-077', 'GM/ES-029', 'GM/CS-084', 'GM/CS-036', 'GM/CS-105', 'GM/ES-005', 'GM/CS-112', 'GM/ES-013', 'GM/ES-007', 'GM/ES-053', 'GM/ES-001', 'GM/ES-023', 'GM/ES-004', 'GM/ES-078', 'GM/CS-020', 'GM/CS-092', 'GM/ES-034', 'GM/ES-009', 'GM/CS-037', 'GM/ES-018', 'GM/ES-022', 'GM/ES-028', 'GM/ES-026', 'GM/CS-031', 'GM/CS-078', 'GM/CS-091', 'GM/ES-074', 'GM/ES-010', 'GM/CS-051', 'GM/CS-069', 'GM/CS-045', 'GM/ES-067', 'GM/CS-111', 'GM/ES-055', 'GM/CS-003', 'GM/CS-023', 'GM/CS-095', 'GM/CS-027', 'GM/CS-038', 'GM/ES-025', 'GM/CS-057', 'GM/CS-030', 'GM/CS-024', 'GM/CS-029', 'GM/ES-027', 'GM/ES-088', 'GM/ES-024', 'GM/CS-035', 'GM/ES-015', 'GM/ES-003', 'GM/ES-066']"
GM7SRJ/P,3,Heather Hopper,2008-04-06,"['GM/ES-006', 'GM/ES-036', 'GM/CS-009', 'GM/CS-088', 'GM/ES-012', 'GM/ES-052', 'GM/WS-271', 'GM/CS-086', 'GM/ES-043', 'GM/ES-050', 'GM/CS-061', 'GM/ES-008', 'GM/ES-038', 'GM/CS-014', 'GM/ES-046', 'GM/CS-046', 'GM/WS-277', 'GM/ES-030', 'GM/CS-011', 'GM/ES-011', 'GM/ES-042', 'GM/ES-019', 'GM/ES-017', 'GM/CS-039', 'GM/ES-014', 'GM/CS-060', 'GM/CS-028', 'GM/ES-049', 'GM/ES-002', 'GM/CS-022', 'GM/ES-040', 'GM/CS-077', 'GM/ES-029', 'GM/CS-084', 'GM/CS-036', 'GM/CS-105', 'GM/ES-005', 'GM/CS-112', 'GM/ES-013', 'GM/ES-007', 'GM/ES-001', 'GM/ES-023', 'GM/ES-004', 'GM/CS-020', 'GM/CS-092', 'GM/ES-034', 'GM/ES-009', 'GM/CS-037', 'GM/ES-018', 'GM/ES-022', 'GM/ES-028', 'GM/ES-026', 'GM/CS-031', 'GM/CS-078', 'GM/CS-091', 'GM/ES-010', 'GM/CS-051', 'GM/CS-069', 'GM/CS-045', 'GM/ES-067', 'GM/CS-111', 'GM/ES-055', 'GM/CS-003', 'GM/CS-023', 'GM/CS-095', 'GM/CS-027', 'GM/CS-038', 'GM/ES-025', 'GM/CS-057', 'GM/CS-030', 'GM/CS-024', 'GM/CS-029', 'GM/ES-027', 'GM/ES-088', 'GM/ES-024', 'GM/CS-035', 'GM/ES-015', 'GM/ES-003', 'GM/ES-066']"
GM7NQP/P,5,Ptarmigan Pioneer,2006-10-08,"['GM/ES-006', 'GM/ES-036', 'GM/CS-009', 'GM/CS-088', 'GM/ES-012', 'GM/ES-052', 'GM/WS-271', 'GM/CS-086', 'GM/ES-043', 'GM/ES-050', 'GM/CS-061', 'GM/ES-038', 'GM/CS-014', 'GM/ES-046', 'GM/CS-046', 'GM/WS-277', 'GM/ES-030', 'GM/CS-011', 'GM/ES-011', 'GM/ES-017', 'GM/CS-039', 'GM/CS-060', 'GM/CS-028', 'GM/ES-002', 'GM/CS-022', 'GM/ES-040', 'GM/CS-077', 'GM/ES-029', 'GM/CS-084', 'GM/CS-036', 'GM/CS-105', 'GM/ES-005', 'GM/CS-112', 'GM/ES-013', 'GM/ES-007', 'GM/ES-053', 'GM/ES-001', 'GM/ES-023', 'GM/ES-004', 'GM/ES-078', 'GM/CS-020', 'GM/CS-092', 'GM/ES-034', 'GM/ES-009', 'GM/CS-037', 'GM/ES-018', 'GM/ES-022', 'GM/ES-028', 'GM/ES-026', 'GM/CS-031', 'GM/CS-078', 'GM/CS-091', 'GM/ES-074', 'GM/ES-010', 'GM/CS-051', 'GM/CS-069', 'GM/CS-045', 'GM/ES-067', 'GM/CS-111', 'GM/ES-055', 'GM/CS-003', 'GM/CS-023', 'GM/CS-095', 'GM/CS-027', 'GM/CS-038', 'GM/ES-025', 'GM/CS-057', 'GM/CS-030', 'GM/CS-024', 'GM/CS-029', 'GM/ES-027', 'GM/ES-088', 'GM/ES-024', 'GM/CS-035', 'GM/ES-015', 'GM/ES-003', 'GM/ES-066']"
MM3EYP/P,4,Heather Hopper,2010-08-26,"['GM/ES-006', 'GM/ES-036', 'GM/CS-009', 'GM/CS-088', 'GM/ES-012', 'GM/ES-052', 'GM/WS-271', 'GM/CS-086', 'GM/ES-043', 'GM/ES-050', 'GM/CS-061', 'GM/ES-008', 'GM/ES-038', 'GM/CS-014', 'GM/ES-046', 'GM/CS-046', 'GM/WS-277', 'GM/ES-030', 'GM/CS-011', 'GM/ES-011', 'GM/ES-042', 'GM/ES-019', 'GM/CS-039', 'GM/ES-014', 'GM/CS-060', 'GM/CS-028', 'GM/ES-049', 'GM/ES-002', 'GM/CS-022', 'GM/ES-040', 'GM/CS-077', 'GM/ES-029', 'GM/CS-084', 'GM/CS-036', 'GM/CS-105', 'GM/CS-112', 'GM/ES-013', 'GM/ES-007', 'GM/ES-053', 'GM/ES-023', 'GM/ES-004', 'GM/ES-078', 'GM/CS-020', 'GM/CS-092', 'GM/ES-034', 'GM/ES-009', 'GM/CS-037', 'GM/ES-018', 'GM/ES-022', 'GM/ES-028', 'GM/ES-026', 'GM/CS-031', 'GM/CS-078', 'GM/CS-091', 'GM/ES-074', 'GM/CS-051', 'GM/CS-069', 'GM/CS-045', 'GM/ES-067', 'GM/CS-111', 'GM/ES-055', 'GM/CS-003', 'GM/CS-023', 'GM/CS-095', 'GM/CS-027', 'GM/CS-038', 'GM/ES-025', 'GM/CS-057', 'GM/CS-030', 'GM/CS-024', 'GM/CS-029', 'GM/ES-027', 'GM/ES-088', 'GM/ES-024', 'GM/CS-035', 'GM/ES-015', 'GM/ES-003', 'GM/ES-066']"
GM6DDQ,7,Ptarmigan Pioneer,2007-05-04,"['GM/ES-006', 'GM/ES-036', 'GM/CS-009', 'GM/CS-088', 'GM/ES-012', 'GM/ES-052', 'GM/WS-271', 'GM/CS-086', 'GM/ES-043', 'GM/ES-050', 'GM/CS-061', 'GM/ES-038', 'GM/CS-014', 'GM/ES-046', 'GM/CS-046', 'GM/WS-277', 'GM/ES-030', 'GM/CS-011', 'GM/ES-011', 'GM/ES-042', 'GM/ES-019', 'GM/ES-017', 'GM/CS-039', 'GM/ES-014', 'GM/CS-060', 'GM/CS-028', 'GM/ES-049', 'GM/CS-022', 'GM/ES-040', 'GM/CS-077', 'GM/ES-029', 'GM/CS-084', 'GM/CS-036', 'GM/CS-105', 'GM/CS-112', 'GM/ES-013', 'GM/ES-007', 'GM/ES-053', 'GM/ES-023', 'GM/ES-004', 'GM/ES-078', 'GM/CS-020', 'GM/CS-092', 'GM/ES-034', 'GM/CS-037', 'GM/ES-018', 'GM/ES-022', 'GM/ES-028', 'GM/ES-026', 'GM/CS-031', 'GM/CS-078', 'GM/CS-091', 'GM/ES-010', 'GM/CS-051', 'GM/CS-069', 'GM/CS-045', 'GM/ES-067', 'GM/CS-111', 'GM/ES-055', 'GM/CS-003', 'GM/CS-023', 'GM/CS-095', 'GM/CS-027', 'GM/CS-038', 'GM/ES-025', 'GM/CS-057', 'GM/CS-030', 'GM/CS-024', 'GM/CS-029', 'GM/ES-027', 'GM/ES-088', 'GM/ES-024', 'GM/CS-035', 'GM/ES-015', 'GM/ES-003']"
GM4MD/P,1,Heather Hopper,2014-08-24,"['GM/ES-006', 'GM/ES-036', 'GM/CS-009', 'GM/CS-088', 'GM/ES-012', 'GM/ES-052', 'GM/WS-271', 'GM/CS-086', 'GM/ES-043', 'GM/ES-050', 'GM/CS-061', 'GM/ES-008', 'GM/ES-038', 'GM/CS-014', 'GM/ES-046', 'GM/CS-046', 'GM/WS-277', 'GM/ES-030', 'GM/CS-011', 'GM/ES-011', 'GM/ES-042', 'GM/ES-019', 'GM/ES-017', 'GM/CS-039', 'GM/ES-014', 'GM/CS-060', 'GM/CS-028', 'GM/ES-049', 'GM/ES-002', 'GM/CS-022', 'GM/ES-040', 'GM/CS-077', 'GM/ES-029', 'GM/CS-084', 'GM/CS-036', 'GM/CS-105', 'GM/ES-005', 'GM/CS-112', 'GM/ES-013', 'GM/ES-007', 'GM/ES-053', 'GM/ES-001', 'GM/ES-023', 'GM/ES-004', 'GM/ES-078', 'GM/CS-020', 'GM/CS-092', 'GM/ES-034', 'GM/ES-009', 'GM/CS-037', 'GM/ES-018', 'GM/ES-022', 'GM/ES-028', 'GM/ES-026', 'GM/CS-031', 'GM/CS-078', 'GM/CS-091', 'GM/ES-010', 'GM/CS-051', 'GM/CS-069', 'GM/CS-045', 'GM/ES-067', 'GM/CS-111', 'GM/ES-055', 'GM/CS-003', 'GM/CS-023', 'GM/CS-095', 'GM/CS-027', 'GM/CS-038', 'GM/ES-025', 'GM/CS-057', 'GM/CS-030', 'GM/CS-024', 'GM/CS-029', 'GM/ES-027', 'GM/ES-088', 'GM/ES-024', 'GM/CS-035', 'GM/ES-015', 'GM/ES-003', 'GM/ES-066']"
MM0DHY/P,56,Osprey Outlander,2022-09-10,"['GM/ES-006', 'GM/ES-043', 'GM/ES-023', 'GM/ES-004', 'GM/CS-020', 'GM/CS-014', 'GM/ES-028', 'GM/CS-046', 'GM/ES-026', 'GM/CS-031', 'GM/CS-051', 'GM/CS-011', 'GM/ES-042', 'GM/CS-069', 'GM/ES-067', 'GM/CS-045', 'GM/ES-014', 'GM/CS-003', 'GM/CS-023', 'GM/CS-027', 'GM/ES-040', 'GM/CS-038', 'GM/CS-057', 'GM/CS-024', 'GM/ES-088', 'GM/CS-036']"
MM/HB9IAB/P,1,Heather Hopper,2018-10-18,"['GM/ES-006', 'GM/ES-036', 'GM/CS-009', 'GM/CS-088', 'GM/ES-012', 'GM/ES-052', 'GM/WS-271', 'GM/CS-086', 'GM/ES-043', 'GM/ES-050', 'GM/CS-061', 'GM/ES-008', 'GM/ES-038', 'GM/CS-014', 'GM/ES-046', 'GM/CS-046', 'GM/WS-277', 'GM/ES-030', 'GM/CS-011', 'GM/ES-011', 'GM/ES-042', 'GM/ES-019', 'GM/ES-017', 'GM/CS-039', 'GM/ES-014', 'GM/CS-060', 'GM/CS-028', 'GM/ES-049', 'GM/ES-002', 'GM/CS-022', 'GM/ES-040', 'GM/CS-077', 'GM/ES-029', 'GM/CS-084', 'GM/CS-036', 'GM/CS-105', 'GM/ES-005', 'GM/CS-112', 'GM/ES-013', 'GM/ES-007', 'GM/ES-053', 'GM/ES-023', 'GM/ES-004', 'GM/ES-078', 'GM/CS-020', 'GM/CS-092', 'GM/ES-034', 'GM/ES-009', 'GM/CS-037', 'GM/ES-018', 'GM/ES-022', 'GM/ES-028', 'GM/ES-026', 'GM/CS-031', 'GM/CS-078', 'GM/CS-091', 'GM/ES-074', 'GM/ES-010', 'GM/CS-051', 'GM/CS-069', 'GM/CS-045', 'GM/ES-067', 'GM/CS-111', 'GM/ES-055', 'GM/CS-003', 'GM/CS-023', 'GM/CS-095', 'GM/CS-027', 'GM/CS-038', 'GM/ES-025', 'GM/CS-057', 'GM/CS-030', 'GM/CS-024', 'GM/CS-029', 'GM/ES-027', 'GM/ES-088', 'GM/ES-024', 'GM/CS-035', 'GM/ES-015', 'GM/ES-003', 'GM/ES-066']"
GM4OIG/P,5,Ptarmigan Pioneer,2023-12-15,"['GM/ES-006', 'GM/ES-036', 'GM/CS-009', 'GM/CS-088', 'GM/ES-052', 'GM/WS-271', 'GM/CS-086', 'GM/ES-050', 'GM/CS-061', 'GM/ES-008', 'GM/ES-038', 'GM/CS-014', 'GM/ES-046', 'GM/CS-046', 'GM/WS-277', 'GM/ES-030', 'GM/CS-011', 'GM/ES-011', 'GM/ES-042', 'GM/ES-019', 'GM/ES-017', 'GM/CS-039', 'GM/ES-014', 'GM/CS-060', 'GM/CS-028', 'GM/ES-049', 'GM/ES-002', 'GM/CS-022', 'GM/ES-040', 'GM/ES-029', 'GM/CS-084', 'GM/CS-036', 'GM/CS-105', 'GM/ES-005', 'GM/CS-112', 'GM/ES-013', 'GM/ES-007', 'GM/ES-053', 'GM/ES-001', 'GM/ES-023', 'GM/ES-004', 'GM/ES-078', 'GM/CS-020', 'GM/CS-092', 'GM/ES-034', 'GM/ES-009', 'GM/CS-037', 'GM/ES-018', 'GM/ES-022', 'GM/ES-026', 'GM/CS-031', 'GM/CS-078', 'GM/CS-091', 'GM/ES-010', 'GM/CS-051', 'GM/CS-069', 'GM/CS-045', 'GM/ES-067', 'GM/CS-111', 'GM/ES-055', 'GM/CS-003', 'GM/CS-023', 'GM/CS-095', 'GM/CS-027', 'GM/CS-038', 'GM/ES-025', 'GM/CS-057', 'GM/CS-030', 'GM/CS-024', 'GM/CS-029', 'GM/ES-027', 'GM/ES-088', 'GM/ES-024', 'GM/CS-035', 'GM/ES-015', 'GM/ES-003', 'GM/ES-066']"
GMOUDL/P,12,Capercaillie Conqueror,2011-09-29,"['GM/ES-006', 'GM/ES-036', 'GM/CS-088', 'GM/ES-012', 'GM/ES-052', 'GM/WS-271', 'GM/CS-086', 'GM/ES-043', 'GM/ES-050', 'GM/CS-061', 'GM/ES-008', 'GM/ES-038', 'GM/CS-014', 'GM/ES-046', 'GM/CS-046', 'GM/WS-277', 'GM/ES-030', 'GM/CS-011', 'GM/ES-011', 'GM/ES-042', 'GM/ES-019', 'GM/ES-017', 'GM/CS-039', 'GM/ES-014', 'GM/CS-060', 'GM/CS-028', 'GM/ES-049', 'GM/CS-022', 'GM/ES-040', 'GM/CS-077', 'GM/ES-029', 'GM/CS-084', 'GM/CS-036', 'GM/CS-105', 'GM/CS-112', 'GM/ES-007', 'GM/ES-053', 'GM/ES-023', 'GM/ES-004', 'GM/ES-078', 'GM/CS-020', 'GM/CS-092', 'GM/ES-034', 'GM/CS-037', 'GM/ES-018', 'GM/ES-022', 'GM/ES-028', 'GM/ES-026', 'GM/CS-031', 'GM/CS-078', 'GM/ES-074', 'GM/CS-051', 'GM/CS-069', 'GM/CS-045', 'GM/ES-067', 'GM/CS-111', 'GM/ES-055', 'GM/CS-095', 'GM/CS-027', 'GM/CS-038', 'GM/ES-025', 'GM/CS-057', 'GM/CS-030', 'GM/CS-024', 'GM/ES-088', 'GM/ES-024', 'GM/CS-035', 'GM/ES-015', 'GM/ES-003', 'GM/ES-066']"
MM3ZCB/P,14,Capercaillie Conqueror,2019-09-19,"['GM/ES-006', 'GM/ES-036', 'GM/CS-009', 'GM/CS-088', 'GM/ES-052', 'GM/WS-271', 'GM/CS-086', 'GM/ES-050', 'GM/CS-061', 'GM/ES-008', 'GM/ES-038', 'GM/CS-014', 'GM/ES-046', 'GM/CS-046', 'GM/WS-277', 'GM/ES-030', 'GM/CS-011', 'GM/ES-011', 'GM/ES-019', 'GM/ES-017', 'GM/CS-060', 'GM/ES-049', 'GM/ES-002', 'GM/CS-022', 'GM/ES-040', 'GM/CS-077', 'GM/ES-029', 'GM/CS-084', 'GM/CS-036', 'GM/CS-105', 'GM/ES-005', 'GM/CS-112', 'GM/ES-013', 'GM/ES-007', 'GM/ES-053', 'GM/ES-001', 'GM/ES-023', 'GM/ES-004', 'GM/ES-078', 'GM/CS-020', 'GM/CS-092', 'GM/ES-034', 'GM/CS-037', 'GM/ES-018', 'GM/ES-022', 'GM/ES-026', 'GM/CS-031', 'GM/CS-091', 'GM/ES-010', 'GM/CS-051', 'GM/CS-069', 'GM/CS-045', 'GM/ES-067', 'GM/ES-055', 'GM/CS-003', 'GM/CS-023', 'GM/CS-095', 'GM/CS-027', 'GM/CS-038', 'GM/ES-025', 'GM/CS-057', 'GM/CS-024', 'GM/CS-029', 'GM/ES-088', 'GM/ES-024', 'GM/ES-015', 'GM/ES-003', 'GM/ES-066']"
MM0BCR/P,1,Heather Hopper,2006-09-16,"['GM/ES-006', 'GM/ES-036', 'GM/CS-009', 'GM/CS-088', 'GM/ES-012', 'GM/ES-052', 'GM/WS-271', 'GM/CS-086', 'GM/ES-043', 'GM/ES-050', 'GM/CS-061', 'GM/ES-008', 'GM/ES-038', 'GM/CS-014', 'GM/ES-046', 'GM/CS-046', 'GM/WS-277', 'GM/ES-030', 'GM/CS-011', 'GM/ES-011', 'GM/ES-042', 'GM/ES-019', 'GM/ES-017', 'GM/CS-039', 'GM/ES-014', 'GM/CS-060', 'GM/CS-028', 'GM/ES-049', 'GM/ES-002', 'GM/CS-022', 'GM/ES-040', 'GM/CS-077', 'GM/ES-029', 'GM/CS-084', 'GM/CS-036', 'GM/CS-105', 'GM/ES-005', 'GM/CS-112', 'GM/ES-013', 'GM/ES-007', 'GM/ES-053', 'GM/ES-001', 'GM/ES-023', 'GM/ES-004', 'GM/CS-020', 'GM/CS-092', 'GM/ES-034', 'GM/ES-009', 'GM/CS-037', 'GM/ES-018', 'GM/ES-022', 'GM/ES-028', 'GM/ES-026', 'GM/CS-031', 'GM/CS-078', 'GM/CS-091', 'GM/ES-074', 'GM/ES-010', 'GM/CS-051', 'GM/CS-069', 'GM/CS-045', 'GM/ES-067', 'GM/CS-111', 'GM/ES-055', 'GM/CS-003', 'GM/CS-023', 'GM/CS-095', 'GM/CS-027', 'GM/CS-038', 'GM/ES-025', 'GM/CS-057', 'GM/CS-030', 'GM/CS-024', 'GM/CS-029', 'GM/ES-027', 'GM/ES-088', 'GM/ES-024', 'GM/CS-035', 'GM/ES-015', 'GM/ES-003', 'GM/ES-066']"
2M0AVL,1,Heather Hopper,2006-09-16,"['GM/ES-006', 'GM/ES-036', 'GM/CS-009', 'GM/CS-088', 'GM/ES-012', 'GM/ES-052', 'GM/WS-271', 'GM/CS-086', 'GM/ES-043', 'GM/ES-050', 'GM/CS-061', 'GM/ES-008', 'GM/ES-038', 'GM/CS-014', 'GM/ES-046', 'GM/CS-046', 'GM/WS-277', 'GM/ES-030', 'GM/CS-011', 'GM/ES-011', 'GM/ES-042', 'GM/ES-019', 'GM/ES-017', 'GM/CS-039', 'GM/ES-014', 'GM/CS-060', 'GM/CS-028', 'GM/ES-049', 'GM/ES-002', 'GM/CS-022', 'GM/ES-040', 'GM/CS-077', 'GM/ES-029', 'GM/CS-084', 'GM/CS-036', 'GM/CS-105', 'GM/ES-005', 'GM/CS-112', 'GM/ES-013', 'GM/ES-007', 'GM/ES-053', 'GM/ES-001', 'GM/ES-023', 'GM/ES-004', 'GM/CS-020', 'GM/CS-092', 'GM/ES-034', 'GM/ES-009', 'GM/CS-037', 'GM/ES-018', 'GM/ES-022', 'GM/ES-028', 'GM/ES-026', 'GM/CS-031', 'GM/CS-078', 'GM/CS-091', 'GM/ES-074', 'GM/ES-010', 'GM/CS-051', 'GM/CS-069', 'GM/CS-045', 'GM/ES-067', 'GM/CS-111', 'GM/ES-055', 'GM/CS-003', 'GM/CS-023', 'GM/CS-095', 'GM/CS-027', 'GM/CS-038', 'GM/ES-025', 'GM/CS-057', 'GM/CS-030', 'GM/CS-024', 'GM/CS-029', 'GM/ES-027', 'GM/ES-088', 'GM/ES-024', 'GM/CS-035', 'GM/ES-015', 'GM/ES-003', 'GM/ES-066']"
MM0ROV/P,44,Osprey Outlander,2013-12-02,"['GM/CS-105', 'GM/CS-112', 'GM/CS-009', 'GM/CS-088', 'GM/WS-271', 'GM/CS-086', 'GM/CS-061', 'GM/CS-020', 'GM/CS-014', 'GM/CS-092', 'GM/CS-037', 'GM/CS-046', 'GM/CS-031', 'GM/CS-078', 'GM/CS-091', 'GM/WS-277', 'GM/CS-051', 'GM/CS-011', 'GM/CS-069', 'GM/CS-045', 'GM/CS-111', 'GM/CS-039', 'GM/CS-028', 'GM/CS-095', 'GM/CS-003', 'GM/CS-023', 'GM/CS-027', 'GM/CS-022', 'GM/CS-077', 'GM/CS-038', 'GM/CS-057', 'GM/CS-030', 'GM/CS-024', 'GM/CS-029', 'GM/ES-088', 'GM/CS-035', 'GM/CS-084', 'GM/CS-036']"
MM0FMF/P,34,Capercaillie Conqueror,2024-08-11,"['GM/ES-006', 'GM/CS-105', 'GM/ES-005', 'GM/CS-112', 'GM/CS-088', 'GM/ES-052', 'GM/WS-271', 'GM/ES-007', 'GM/ES-053', 'GM/CS-086', 'GM/ES-001', 'GM/ES-023', 'GM/CS-061', 'GM/ES-004', 'GM/CS-020', 'GM/ES-038', 'GM/CS-014', 'GM/ES-034', 'GM/CS-037', 'GM/ES-018', 'GM/CS-046', 'GM/CS-031', 'GM/CS-091', 'GM/ES-030', 'GM/CS-051', 'GM/ES-011', 'GM/ES-010', 'GM/ES-042', 'GM/CS-069', 'GM/ES-017', 'GM/CS-045', 'GM/CS-111', 'GM/ES-049', 'GM/CS-003', 'GM/CS-023', 'GM/ES-002', 'GM/CS-095', 'GM/CS-027', 'GM/ES-040', 'GM/CS-057', 'GM/ES-029', 'GM/CS-024', 'GM/ES-024', 'GM/ES-027', 'GM/ES-088', 'GM/CS-084', 'GM/ES-003', 'GM/ES-066']"
GM4ZRP/P,1,Heather Hopper,2010-10-13,"['GM/ES-006', 'GM/ES-036', 'GM/CS-009', 'GM/CS-088', 'GM/ES-012', 'GM/ES-052', 'GM/WS-271', 'GM/CS-086', 'GM/ES-043', 'GM/ES-050', 'GM/CS-061', 'GM/ES-008', 'GM/ES-038', 'GM/CS-014', 'GM/ES-046', 'GM/CS-046', 'GM/WS-277', 'GM/ES-030', 'GM/CS-011', 'GM/ES-011', 'GM/ES-042', 'GM/ES-019', 'GM/ES-017', 'GM/CS-039', 'GM/ES-014', 'GM/CS-060', 'GM/CS-028', 'GM/ES-049', 'GM/ES-002', 'GM/CS-022', 'GM/ES-040', 'GM/CS-077', 'GM/ES-029', 'GM/CS-084', 'GM/CS-036', 'GM/CS-105', 'GM/ES-005', 'GM/CS-112', 'GM/ES-013', 'GM/ES-007', 'GM/ES-053', 'GM/ES-001', 'GM/ES-023', 'GM/ES-004', 'GM/ES-078', 'GM/CS-020', 'GM/CS-092', 'GM/ES-034', 'GM/ES-009', 'GM/CS-037', 'GM/ES-018', 'GM/ES-022', 'GM/ES-028', 'GM/ES-026', 'GM/CS-031', 'GM/CS-078', 'GM/CS-091', 'GM/ES-074', 'GM/ES-010', 'GM/CS-051', 'GM/CS-069', 'GM/CS-045', 'GM/ES-067', 'GM/CS-111', 'GM/ES-055', 'GM/CS-003', 'GM/CS-023', 'GM/CS-095', 'GM/CS-027', 'GM/CS-038', 'GM/ES-025', 'GM/CS-057', 'GM/CS-024', 'GM/CS-029', 'GM/ES-027', 'GM/ES-088', 'GM/ES-024', 'GM/CS-035', 'GM/ES-015', 'GM/ES-003', 'GM/ES-066']"
GM6WRW/P,4,Heather Hopper,2014-07-28,"['GM/ES-006', 'GM/ES-036', 'GM/CS-009', 'GM/CS-088', 'GM/ES-012', 'GM/ES-052', 'GM/WS-271', 'GM/CS-086', 'GM/ES-043', 'GM/ES-050', 'GM/CS-061', 'GM/ES-008', 'GM/ES-038', 'GM/CS-014', 'GM/ES-046', 'GM/CS-046', 'GM/WS-277', 'GM/ES-030', 'GM/CS-011', 'GM/ES-011', 'GM/ES-042', 'GM/ES-019', 'GM/ES-017', 'GM/CS-039', 'GM/ES-014', 'GM/CS-060', 'GM/CS-028', 'GM/ES-049', 'GM/ES-002', 'GM/CS-022', 'GM/ES-040', 'GM/CS-077', 'GM/ES-029', 'GM/CS-084', 'GM/CS-036', 'GM/CS-105', 'GM/ES-005', 'GM/CS-112', 'GM/ES-013', 'GM/ES-007', 'GM/ES-053', 'GM/ES-023', 'GM/ES-004', 'GM/ES-078', 'GM/CS-020', 'GM/CS-092', 'GM/ES-034', 'GM/ES-009', 'GM/CS-037', 'GM/ES-018', 'GM/ES-022', 'GM/ES-028', 'GM/ES-026', 'GM/CS-031', 'GM/CS-078', 'GM/CS-091', 'GM/ES-010', 'GM/CS-051', 'GM/CS-069', 'GM/CS-045', 'GM/ES-067', 'GM/CS-111', 'GM/ES-055', 'GM/CS-003', 'GM/CS-023', 'GM/CS-095', 'GM/CS-027', 'GM/CS-038', 'GM/ES-025', 'GM/CS-057', 'GM/CS-024', 'GM/CS-029', 'GM/ES-088', 'GM/ES-024', 'GM/CS-035', 'GM/ES-015', 'GM/ES-003', 'GM/ES-066']"
GM1JTD/P,2,Heather Hopper,2009-09-11,"['GM/ES-006', 'GM/ES-036', 'GM/CS-009', 'GM/CS-088', 'GM/ES-052', 'GM/WS-271', 'GM/CS-086', 'GM/ES-043', 'GM/ES-050', 'GM/CS-061', 'GM/ES-008', 'GM/ES-038', 'GM/CS-014', 'GM/ES-046', 'GM/CS-046', 'GM/WS-277', 'GM/ES-030', 'GM/CS-011', 'GM/ES-011', 'GM/ES-042', 'GM/ES-019', 'GM/ES-017', 'GM/CS-039', 'GM/CS-060', 'GM/CS-028', 'GM/ES-049', 'GM/ES-002', 'GM/CS-022', 'GM/ES-040', 'GM/CS-077', 'GM/ES-029', 'GM/CS-084', 'GM/CS-036', 'GM/CS-105', 'GM/ES-005', 'GM/CS-112', 'GM/ES-013', 'GM/ES-007', 'GM/ES-053', 'GM/ES-001', 'GM/ES-023', 'GM/ES-004', 'GM/ES-078', 'GM/CS-020', 'GM/CS-092', 'GM/ES-034', 'GM/ES-009', 'GM/CS-037', 'GM/ES-018', 'GM/ES-022', 'GM/ES-028', 'GM/ES-026', 'GM/CS-031', 'GM/CS-078', 'GM/CS-091', 'GM/ES-074', 'GM/ES-010', 'GM/CS-051', 'GM/CS-069', 'GM/CS-045', 'GM/ES-067', 'GM/CS-111', 'GM/ES-055', 'GM/CS-003', 'GM/CS-023', 'GM/CS-095', 'GM/CS-027', 'GM/CS-038', 'GM/ES-025', 'GM/CS-057', 'GM/CS-030', 'GM/CS-024', 'GM/CS-029', 'GM/ES-027', 'GM/ES-088', 'GM/ES-024', 'GM/CS-035', 'GM/ES-015', 'GM/ES-003', 'GM/ES-066']"
GM3YTS/P,7,Ptarmigan Pioneer,2020-09-27,"['GM/ES-006', 'GM/ES-036', 'GM/CS-009', 'GM/CS-088', 'GM/ES-052', 'GM/WS-271', 'GM/CS-086', 'GM/ES-043', 'GM/ES-050', 'GM/CS-061', 'GM/ES-008', 'GM/ES-038', 'GM/CS-014', 'GM/ES-046', 'GM/CS-046', 'GM/WS-277', 'GM/ES-030', 'GM/CS-011', 'GM/ES-011', 'GM/ES-042', 'GM/ES-019', 'GM/ES-017', 'GM/CS-039', 'GM/ES-014', 'GM/CS-060', 'GM/ES-049', 'GM/ES-002', 'GM/ES-040', 'GM/ES-029', 'GM/CS-084', 'GM/CS-036', 'GM/CS-105', 'GM/ES-005', 'GM/CS-112', 'GM/ES-013', 'GM/ES-007', 'GM/ES-053', 'GM/ES-001', 'GM/ES-023', 'GM/ES-004', 'GM/ES-078', 'GM/CS-020', 'GM/CS-092', 'GM/ES-034', 'GM/ES-009', 'GM/CS-037', 'GM/ES-018', 'GM/ES-022', 'GM/ES-026', 'GM/CS-031', 'GM/CS-091', 'GM/ES-074', 'GM/ES-010', 'GM/CS-051', 'GM/CS-069', 'GM/CS-045', 'GM/ES-067', 'GM/CS-111', 'GM/ES-055', 'GM/CS-003', 'GM/CS-023', 'GM/CS-095', 'GM/CS-027', 'GM/ES-025', 'GM/CS-057', 'GM/CS-030', 'GM/CS-024', 'GM/CS-029', 'GM/ES-027', 'GM/ES-088', 'GM/ES-024', 'GM/CS-035', 'GM/ES-015', 'GM/ES-003', 'GM/ES-066']"
MM3WJZ/P,15,Capercaillie Conqueror,2016-06-18,"['GM/ES-006', 'GM/ES-036', 'GM/CS-088', 'GM/ES-052', 'GM/CS-086', 'GM/ES-043', 'GM/ES-050', 'GM/CS-061', 'GM/ES-008', 'GM/ES-038', 'GM/CS-014', 'GM/ES-046', 'GM/CS-046', 'GM/WS-277', 'GM/ES-030', 'GM/ES-011', 'GM/ES-042', 'GM/ES-019', 'GM/ES-017', 'GM/ES-014', 'GM/CS-028', 'GM/ES-049', 'GM/CS-022', 'GM/ES-040', 'GM/CS-077', 'GM/ES-029', 'GM/CS-084', 'GM/CS-036', 'GM/CS-105', 'GM/ES-005', 'GM/CS-112', 'GM/ES-013', 'GM/ES-007', 'GM/ES-053', 'GM/ES-001', 'GM/ES-023', 'GM/ES-004', 'GM/ES-078', 'GM/CS-092', 'GM/ES-034', 'GM/ES-009', 'GM/CS-037', 'GM/ES-018', 'GM/ES-022', 'GM/ES-028', 'GM/ES-026', 'GM/CS-078', 'GM/CS-091', 'GM/ES-074', 'GM/CS-051', 'GM/CS-069', 'GM/CS-045', 'GM/ES-067', 'GM/CS-111', 'GM/ES-055', 'GM/CS-095', 'GM/CS-027', 'GM/CS-038', 'GM/ES-025', 'GM/CS-057', 'GM/CS-024', 'GM/ES-088', 'GM/ES-024', 'GM/CS-035', 'GM/ES-015', 'GM/ES-003', 'GM/ES-066']"
2M0IMP/P,4,Heather Hopper,2010-10-16,"['GM/ES-006', 'GM/ES-036', 'GM/CS-009', 'GM/CS-088', 'GM/ES-052', 'GM/WS-271', 'GM/CS-086', 'GM/ES-043', 'GM/ES-050', 'GM/CS-061', 'GM/ES-038', 'GM/CS-014', 'GM/ES-046', 'GM/CS-046', 'GM/WS-277', 'GM/ES-030', 'GM/CS-011', 'GM/ES-011', 'GM/ES-042', 'GM/ES-019', 'GM/ES-017', 'GM/CS-039', 'GM/ES-014', 'GM/CS-060', 'GM/CS-028', 'GM/ES-049', 'GM/ES-002', 'GM/CS-022', 'GM/ES-040', 'GM/CS-077', 'GM/ES-029', 'GM/CS-084', 'GM/CS-036', 'GM/CS-105', 'GM/ES-005', 'GM/CS-112', 'GM/ES-013', 'GM/ES-007', 'GM/ES-053', 'GM/ES-001', 'GM/ES-023', 'GM/ES-004', 'GM/ES-078', 'GM/CS-020', 'GM/CS-092', 'GM/ES-034', 'GM/ES-009', 'GM/CS-037', 'GM/ES-018', 'GM/ES-022', 'GM/ES-028', 'GM/ES-026', 'GM/CS-031', 'GM/CS-078', 'GM/CS-091', 'GM/ES-074', 'GM/ES-010', 'GM/CS-051', 'GM/CS-069', 'GM/CS-045', 'GM/ES-067', 'GM/CS-111', 'GM/ES-055', 'GM/CS-003', 'GM/CS-023', 'GM/CS-095', 'GM/CS-027', 'GM/CS-038', 'GM/ES-025', 'GM/CS-057', 'GM/CS-024', 'GM/CS-029', 'GM/ES-088', 'GM/ES-024', 'GM/CS-035', 'GM/ES-015', 'GM/ES-003', 'GM/ES-066']"
MM0YHB/P,4,Heather Hopper,2014-07-28,"['GM/ES-006', 'GM/ES-036', 'GM/CS-009', 'GM/CS-088', 'GM/ES-012', 'GM/ES-052', 'GM/WS-271', 'GM/CS-086', 'GM/ES-043', 'GM/ES-050', 'GM/CS-061', 'GM/ES-008', 'GM/ES-038', 'GM/CS-014', 'GM/ES-046', 'GM/CS-046', 'GM/WS-277', 'GM/ES-030', 'GM/CS-011', 'GM/ES-011', 'GM/ES-042', 'GM/ES-019', 'GM/ES-017', 'GM/CS-039', 'GM/ES-014', 'GM/CS-060', 'GM/CS-028', 'GM/ES-049', 'GM/ES-002', 'GM/CS-022', 'GM/ES-040', 'GM/CS-077', 'GM/ES-029', 'GM/CS-084', 'GM/CS-036', 'GM/CS-105', 'GM/ES-005', 'GM/CS-112', 'GM/ES-013', 'GM/ES-007', 'GM/ES-053', 'GM/ES-023', 'GM/ES-004', 'GM/ES-078', 'GM/CS-020', 'GM/CS-092', 'GM/ES-034', 'GM/ES-009', 'GM/CS-037', 'GM/ES-018', 'GM/ES-022', 'GM/ES-028', 'GM/ES-026', 'GM/CS-031', 'GM/CS-078', 'GM/CS-091', 'GM/ES-010', 'GM/CS-051', 'GM/CS-069', 'GM/CS-045', 'GM/ES-067', 'GM/CS-111', 'GM/ES-055', 'GM/CS-003', 'GM/CS-023', 'GM/CS-095', 'GM/CS-027', 'GM/CS-038', 'GM/ES-025', 'GM/CS-057', 'GM/CS-024', 'GM/CS-029', 'GM/ES-088', 'GM/ES-024', 'GM/CS-035', 'GM/ES-015', 'GM/ES-003', 'GM/ES-066']"
GM8MIA/P,1,Heather Hopper,2019-05-13,"['GM/ES-006', 'GM/ES-036', 'GM/CS-009', 'GM/CS-088', 'GM/ES-012', 'GM/ES-052', 'GM/WS-271', 'GM/CS-086', 'GM/ES-043', 'GM/ES-050', 'GM/CS-061', 'GM/ES-008', 'GM/ES-038', 'GM/CS-014', 'GM/ES-046', 'GM/CS-046', 'GM/WS-277', 'GM/ES-030', 'GM/CS-011', 'GM/ES-011', 'GM/ES-042', 'GM/ES-019', 'GM/ES-017', 'GM/CS-039', 'GM/ES-014', 'GM/CS-060', 'GM/CS-028', 'GM/ES-049', 'GM/ES-002', 'GM/CS-022', 'GM/ES-040', 'GM/CS-077', 'GM/ES-029', 'GM/CS-084', 'GM/CS-036', 'GM/CS-105', 'GM/ES-005', 'GM/CS-112', 'GM/ES-013', 'GM/ES-007', 'GM/ES-053', 'GM/ES-001', 'GM/ES-023', 'GM/ES-004', 'GM/CS-020', 'GM/CS-092', 'GM/ES-034', 'GM/ES-009', 'GM/CS-037', 'GM/ES-018', 'GM/ES-022', 'GM/ES-028', 'GM/ES-026', 'GM/CS-031', 'GM/CS-078', 'GM/CS-091', 'GM/ES-074', 'GM/ES-010', 'GM/CS-051', 'GM/CS-069', 'GM/CS-045', 'GM/ES-067', 'GM/CS-111', 'GM/ES-055', 'GM/CS-003', 'GM/CS-023', 'GM/CS-095', 'GM/CS-027', 'GM/CS-038', 'GM/ES-025', 'GM/CS-057', 'GM/CS-030', 'GM/CS-024', 'GM/CS-029', 'GM/ES-027', 'GM/ES-088', 'GM/ES-024', 'GM/CS-035', 'GM/ES-015', 'GM/ES-003', 'GM/ES-066']"
GG100GGR,1,Heather Hopper,2010-06-19,"['GM/ES-006', 'GM/ES-036', 'GM/CS-009', 'GM/CS-088', 'GM/ES-012', 'GM/ES-052', 'GM/WS-271', 'GM/CS-086', 'GM/ES-043', 'GM/ES-050', 'GM/CS-061', 'GM/ES-008', 'GM/ES-038', 'GM/CS-014', 'GM/ES-046', 'GM/CS-046', 'GM/WS-277', 'GM/ES-030', 'GM/CS-011', 'GM/ES-011', 'GM/ES-042', 'GM/ES-019', 'GM/ES-017', 'GM/CS-039', 'GM/ES-014', 'GM/CS-060', 'GM/CS-028', 'GM/ES-049', 'GM/ES-002', 'GM/CS-022', 'GM/ES-040', 'GM/CS-077', 'GM/ES-029', 'GM/CS-084', 'GM/CS-036', 'GM/CS-105', 'GM/ES-005', 'GM/CS-112', 'GM/ES-013', 'GM/ES-007', 'GM/ES-053', 'GM/ES-001', 'GM/ES-023', 'GM/ES-004', 'GM/ES-078', 'GM/CS-020', 'GM/CS-092', 'GM/ES-034', 'GM/ES-009', 'GM/CS-037', 'GM/ES-018', 'GM/ES-022', 'GM/ES-028', 'GM/ES-026', 'GM/CS-031', 'GM/CS-078', 'GM/CS-091', 'GM/ES-074', 'GM/ES-010', 'GM/CS-051', 'GM/CS-069', 'GM/CS-045', 'GM/ES-067', 'GM/CS-111', 'GM/ES-055', 'GM/CS-003', 'GM/CS-023', 'GM/CS-095', 'GM/CS-027', 'GM/CS-038', 'GM/ES-025', 'GM/CS-057', 'GM/CS-024', 'GM/CS-029', 'GM/ES-027', 'GM/ES-088', 'GM/ES-024', 'GM/CS-035', 'GM/ES-015', 'GM/ES-003', 'GM/ES-066']"
MM0TAI,10,Capercaillie Conqueror,2019-03-01,"['GM/ES-006', 'GM/ES-036', 'GM/CS-009', 'GM/CS-088', 'GM/ES-012', 'GM/ES-052', 'GM/CS-086', 'GM/ES-043', 'GM/ES-050', 'GM/CS-061', 'GM/ES-008', 'GM/CS-014', 'GM/ES-046', 'GM/CS-046', 'GM/WS-277', 'GM/ES-030', 'GM/CS-011', 'GM/ES-011', 'GM/ES-042', 'GM/ES-019', 'GM/CS-039', 'GM/ES-014', 'GM/CS-060', 'GM/CS-028', 'GM/ES-049', 'GM/ES-002', 'GM/CS-022', 'GM/ES-040', 'GM/CS-077', 'GM/ES-029', 'GM/CS-084', 'GM/CS-036', 'GM/CS-105', 'GM/ES-005', 'GM/CS-112', 'GM/ES-013', 'GM/ES-007', 'GM/ES-053', 'GM/ES-023', 'GM/ES-004', 'GM/ES-078', 'GM/CS-020', 'GM/CS-092', 'GM/ES-034', 'GM/CS-037', 'GM/ES-018', 'GM/ES-022', 'GM/ES-028', 'GM/ES-026', 'GM/CS-031', 'GM/CS-051', 'GM/CS-069', 'GM/CS-045', 'GM/ES-067', 'GM/CS-111', 'GM/ES-055', 'GM/CS-003', 'GM/CS-023', 'GM/CS-095', 'GM/CS-027', 'GM/CS-038', 'GM/ES-025', 'GM/CS-057', 'GM/CS-030', 'GM/CS-024', 'GM/CS-029', 'GM/ES-088', 'GM/ES-024', 'GM/CS-035', 'GM/ES-015', 'GM/ES-003', 'GM/ES-066']"
MM0JLA/P,11,Capercaillie Conqueror,2024-05-18,"['GM/ES-006', 'GM/CS-009', 'GM/CS-088', 'GM/WS-271', 'GM/CS-086', 'GM/ES-043', 'GM/ES-050', 'GM/CS-061', 'GM/ES-008', 'GM/ES-038', 'GM/CS-014', 'GM/ES-046', 'GM/CS-046', 'GM/WS-277', 'GM/ES-030', 'GM/CS-011', 'GM/ES-011', 'GM/ES-042', 'GM/ES-019', 'GM/ES-017', 'GM/CS-039', 'GM/ES-014', 'GM/CS-060', 'GM/CS-028', 'GM/ES-002', 'GM/CS-022', 'GM/ES-040', 'GM/ES-029', 'GM/CS-084', 'GM/CS-036', 'GM/CS-105', 'GM/ES-005', 'GM/ES-013', 'GM/ES-007', 'GM/ES-001', 'GM/ES-023', 'GM/ES-004', 'GM/ES-078', 'GM/CS-020', 'GM/CS-092', 'GM/ES-009', 'GM/CS-037', 'GM/ES-018', 'GM/ES-022', 'GM/ES-026', 'GM/CS-031', 'GM/CS-078', 'GM/CS-091', 'GM/ES-010', 'GM/CS-051', 'GM/CS-069', 'GM/CS-045', 'GM/ES-067', 'GM/CS-111', 'GM/ES-055', 'GM/CS-003', 'GM/CS-023', 'GM/CS-095', 'GM/CS-027', 'GM/CS-038', 'GM/ES-025', 'GM/CS-057', 'GM/CS-024', 'GM/CS-029', 'GM/ES-027', 'GM/ES-088', 'GM/ES-024', 'GM/CS-035', 'GM/ES-015', 'GM/ES-003', 'GM/ES-066']"
MM0HAI/P,1,Heather Hopper,2010-09-12,"['GM/ES-006', 'GM/ES-036', 'GM/CS-009', 'GM/CS-088', 'GM/ES-012', 'GM/ES-052', 'GM/WS-271', 'GM/CS-086', 'GM/ES-043', 'GM/ES-050', 'GM/CS-061', 'GM/ES-008', 'GM/ES-038', 'GM/CS-014', 'GM/ES-046', 'GM/CS-046', 'GM/WS-277', 'GM/ES-030', 'GM/CS-011', 'GM/ES-011', 'GM/ES-042', 'GM/ES-019', 'GM/ES-017', 'GM/CS-039', 'GM/ES-014', 'GM/CS-060', 'GM/CS-028', 'GM/ES-049', 'GM/CS-022', 'GM/ES-040', 'GM/CS-077', 'GM/ES-029', 'GM/CS-084', 'GM/CS-036', 'GM/CS-105', 'GM/ES-005', 'GM/CS-112', 'GM/ES-013', 'GM/ES-007', 'GM/ES-053', 'GM/ES-001', 'GM/ES-023', 'GM/ES-004', 'GM/ES-078', 'GM/CS-020', 'GM/CS-092', 'GM/ES-034', 'GM/ES-009', 'GM/CS-037', 'GM/ES-018', 'GM/ES-022', 'GM/ES-028', 'GM/ES-026', 'GM/CS-031', 'GM/CS-078', 'GM/CS-091', 'GM/ES-074', 'GM/ES-010', 'GM/CS-051', 'GM/CS-069', 'GM/CS-045', 'GM/ES-067', 'GM/CS-111', 'GM/ES-055', 'GM/CS-003', 'GM/CS-023', 'GM/CS-095', 'GM/CS-027', 'GM/CS-038', 'GM/ES-025', 'GM/CS-057', 'GM/CS-030', 'GM/CS-024', 'GM/CS-029', 'GM/ES-027', 'GM/ES-088', 'GM/ES-024', 'GM/CS-035', 'GM/ES-015', 'GM/ES-003', 'GM/ES-066']"
MM0ECU/P,1,Heather Hopper,2010-07-31,"['GM/ES-006', 'GM/ES-036', 'GM/CS-009', 'GM/CS-088', 'GM/ES-012', 'GM/ES-052', 'GM/WS-271', 'GM/CS-086', 'GM/ES-043', 'GM/ES-050', 'GM/CS-061', 'GM/ES-008', 'GM/ES-038', 'GM/CS-014', 'GM/ES-046', 'GM/CS-046', 'GM/WS-277', 'GM/ES-030', 'GM/CS-011', 'GM/ES-011', 'GM/ES-042', 'GM/ES-019', 'GM/ES-017', 'GM/CS-039', 'GM/ES-014', 'GM/CS-060', 'GM/CS-028', 'GM/ES-049', 'GM/ES-002', 'GM/CS-022', 'GM/ES-040', 'GM/CS-077', 'GM/ES-029', 'GM/CS-084', 'GM/CS-036', 'GM/CS-105', 'GM/ES-005', 'GM/CS-112', 'GM/ES-013', 'GM/ES-007', 'GM/ES-053', 'GM/ES-023', 'GM/ES-004', 'GM/ES-078', 'GM/CS-020', 'GM/CS-092', 'GM/ES-034', 'GM/ES-009', 'GM/CS-037', 'GM/ES-018', 'GM/ES-022', 'GM/ES-028', 'GM/ES-026', 'GM/CS-031', 'GM/CS-078', 'GM/CS-091', 'GM/ES-074', 'GM/ES-010', 'GM/CS-051', 'GM/CS-069', 'GM/CS-045', 'GM/ES-067', 'GM/CS-111', 'GM/ES-055', 'GM/CS-003', 'GM/CS-023', 'GM/CS-095', 'GM/CS-027', 'GM/CS-038', 'GM/ES-025', 'GM/CS-057', 'GM/CS-030', 'GM/CS-024', 'GM/CS-029', 'GM/ES-027', 'GM/ES-088', 'GM/ES-024', 'GM/CS-035', 'GM/ES-015', 'GM/ES-003', 'GM/ES-066']"
MM/HB9BQU/P,1,Heather Hopper,2011-08-20,"['GM/ES-006', 'GM/ES-036', 'GM/CS-009', 'GM/CS-088', 'GM/ES-012', 'GM/ES-052', 'GM/WS-271', 'GM/CS-086', 'GM/ES-043', 'GM/ES-050', 'GM/CS-061', 'GM/ES-008', 'GM/ES-038', 'GM/CS-014', 'GM/ES-046', 'GM/CS-046', 'GM/WS-277', 'GM/ES-030', 'GM/CS-011', 'GM/ES-011', 'GM/ES-042', 'GM/ES-019', 'GM/ES-017', 'GM/CS-039', 'GM/ES-014', 'GM/CS-060', 'GM/CS-028', 'GM/ES-049', 'GM/ES-002', 'GM/CS-022', 'GM/ES-040', 'GM/CS-077', 'GM/ES-029', 'GM/CS-084', 'GM/CS-036', 'GM/CS-105', 'GM/ES-005', 'GM/CS-112', 'GM/ES-013', 'GM/ES-007', 'GM/ES-001', 'GM/ES-023', 'GM/ES-004', 'GM/ES-078', 'GM/CS-020', 'GM/CS-092', 'GM/ES-034', 'GM/ES-009', 'GM/CS-037', 'GM/ES-018', 'GM/ES-022', 'GM/ES-028', 'GM/ES-026', 'GM/CS-031', 'GM/CS-078', 'GM/CS-091', 'GM/ES-074', 'GM/ES-010', 'GM/CS-051', 'GM/CS-069', 'GM/CS-045', 'GM/ES-067', 'GM/CS-111', 'GM/ES-055', 'GM/CS-003', 'GM/CS-023', 'GM/CS-095', 'GM/CS-027', 'GM/CS-038', 'GM/ES-025', 'GM/CS-057', 'GM/CS-030', 'GM/CS-024', 'GM/CS-029', 'GM/ES-027', 'GM/ES-088', 'GM/ES-024', 'GM/CS-035', 'GM/ES-015', 'GM/ES-003', 'GM/ES-066']"
MM6BWA/P,12,Capercaillie Conqueror,2024-05-18,"['GM/ES-006', 'GM/CS-009', 'GM/CS-088', 'GM/WS-271', 'GM/CS-086', 'GM/ES-043', 'GM/ES-050', 'GM/CS-061', 'GM/ES-008', 'GM/ES-038', 'GM/CS-014', 'GM/ES-046', 'GM/CS-046', 'GM/WS-277', 'GM/ES-030', 'GM/CS-011', 'GM/ES-011', 'GM/ES-042', 'GM/ES-019', 'GM/ES-017', 'GM/CS-039', 'GM/ES-014', 'GM/CS-060', 'GM/CS-028', 'GM/ES-002', 'GM/CS-022', 'GM/ES-040', 'GM/ES-029', 'GM/CS-084', 'GM/CS-036', 'GM/CS-105', 'GM/ES-005', 'GM/ES-013', 'GM/ES-007', 'GM/ES-001', 'GM/ES-023', 'GM/ES-004', 'GM/CS-020', 'GM/CS-092', 'GM/ES-009', 'GM/CS-037', 'GM/ES-018', 'GM/ES-022', 'GM/ES-026', 'GM/CS-031', 'GM/CS-078', 'GM/CS-091', 'GM/ES-010', 'GM/CS-051', 'GM/CS-069', 'GM/CS-045', 'GM/ES-067', 'GM/CS-111', 'GM/ES-055', 'GM/CS-003', 'GM/CS-023', 'GM/CS-095', 'GM/CS-027', 'GM/CS-038', 'GM/ES-025', 'GM/CS-057', 'GM/CS-024', 'GM/CS-029', 'GM/ES-027', 'GM/ES-088', 'GM/ES-024', 'GM/CS-035', 'GM/ES-015', 'GM/ES-003', 'GM/ES-066']"
MM/SQ9OZM/P,1,Heather Hopper,2014-05-16,"['GM/ES-006', 'GM/ES-036', 'GM/CS-009', 'GM/CS-088', 'GM/ES-012', 'GM/ES-052', 'GM/WS-271', 'GM/CS-086', 'GM/ES-043', 'GM/ES-050', 'GM/CS-061', 'GM/ES-008', 'GM/ES-038', 'GM/CS-014', 'GM/ES-046', 'GM/CS-046', 'GM/WS-277', 'GM/ES-030', 'GM/CS-011', 'GM/ES-011', 'GM/ES-042', 'GM/ES-019', 'GM/ES-017', 'GM/CS-039', 'GM/ES-014', 'GM/CS-060', 'GM/CS-028', 'GM/ES-049', 'GM/ES-002', 'GM/CS-022', 'GM/ES-040', 'GM/CS-077', 'GM/ES-029', 'GM/CS-084', 'GM/CS-036', 'GM/CS-105', 'GM/ES-005', 'GM/CS-112', 'GM/ES-013', 'GM/ES-007', 'GM/ES-053', 'GM/ES-001', 'GM/ES-023', 'GM/ES-004', 'GM/ES-078', 'GM/CS-020', 'GM/CS-092', 'GM/ES-034', 'GM/ES-009', 'GM/CS-037', 'GM/ES-018', 'GM/ES-022', 'GM/ES-028', 'GM/ES-026', 'GM/CS-031', 'GM/CS-078', 'GM/CS-091', 'GM/ES-074', 'GM/ES-010', 'GM/CS-051', 'GM/CS-069', 'GM/CS-045', 'GM/ES-067', 'GM/CS-111', 'GM/ES-055', 'GM/CS-003', 'GM/CS-023', 'GM/CS-095', 'GM/CS-027', 'GM/CS-038', 'GM/ES-025', 'GM/CS-057', 'GM/CS-030', 'GM/CS-024', 'GM/CS-029', 'GM/ES-088', 'GM/ES-024', 'GM/CS-035', 'GM/ES-015', 'GM/ES-003', 'GM/ES-066']"
MM0YCJ/P,79,Osprey Outlander,2021-12-21,"['GM/CS-112', 'GM/ES-078', 'GM/ES-066']"
MM0GYX/P,9,Ptarmigan Pioneer,2016-08-01,"['GM/ES-006', 'GM/ES-036', 'GM/CS-009', 'GM/CS-088', 'GM/ES-012', 'GM/WS-271', 'GM/CS-086', 'GM/ES-043', 'GM/ES-050', 'GM/CS-061', 'GM/CS-014', 'GM/ES-046', 'GM/CS-046', 'GM/WS-277', 'GM/ES-030', 'GM/CS-011', 'GM/ES-011', 'GM/ES-042', 'GM/ES-017', 'GM/CS-039', 'GM/ES-014', 'GM/CS-060', 'GM/CS-028', 'GM/ES-049', 'GM/CS-022', 'GM/ES-040', 'GM/CS-077', 'GM/CS-084', 'GM/CS-036', 'GM/CS-105', 'GM/ES-005', 'GM/CS-112', 'GM/ES-013', 'GM/ES-007', 'GM/ES-053', 'GM/ES-023', 'GM/ES-004', 'GM/ES-078', 'GM/CS-020', 'GM/CS-092', 'GM/ES-034', 'GM/ES-009', 'GM/CS-037', 'GM/ES-018', 'GM/ES-022', 'GM/ES-028', 'GM/ES-026', 'GM/CS-031', 'GM/CS-078', 'GM/CS-091', 'GM/ES-074', 'GM/ES-010', 'GM/CS-051', 'GM/CS-069', 'GM/CS-045', 'GM/ES-067', 'GM/CS-111', 'GM/ES-055', 'GM/CS-003', 'GM/CS-023', 'GM/CS-095', 'GM/CS-027', 'GM/CS-038', 'GM/ES-025', 'GM/CS-057', 'GM/CS-030', 'GM/CS-024', 'GM/CS-029', 'GM/ES-088', 'GM/ES-024', 'GM/CS-035', 'GM/ES-015', 'GM/ES-066']"
MM/SQ9MDF/P,3,Heather Hopper,2019-08-07,"['GM/ES-006', 'GM/ES-036', 'GM/CS-009', 'GM/CS-088', 'GM/ES-012', 'GM/ES-052', 'GM/WS-271', 'GM/CS-086', 'GM/ES-043', 'GM/ES-050', 'GM/CS-061', 'GM/ES-008', 'GM/ES-038', 'GM/CS-014', 'GM/ES-046', 'GM/CS-046', 'GM/WS-277', 'GM/ES-030', 'GM/CS-011', 'GM/ES-011', 'GM/ES-042', 'GM/ES-019', 'GM/ES-017', 'GM/CS-039', 'GM/ES-014', 'GM/CS-060', 'GM/CS-028', 'GM/ES-049', 'GM/ES-002', 'GM/CS-022', 'GM/ES-040', 'GM/CS-077', 'GM/ES-029', 'GM/CS-084', 'GM/CS-036', 'GM/CS-105', 'GM/CS-112', 'GM/ES-013', 'GM/ES-007', 'GM/ES-053', 'GM/ES-023', 'GM/ES-004', 'GM/ES-078', 'GM/CS-020', 'GM/CS-092', 'GM/ES-034', 'GM/ES-009', 'GM/CS-037', 'GM/ES-018', 'GM/ES-022', 'GM/ES-028', 'GM/ES-026', 'GM/CS-031', 'GM/CS-078', 'GM/CS-091', 'GM/ES-010', 'GM/CS-051', 'GM/CS-069', 'GM/CS-045', 'GM/ES-067', 'GM/CS-111', 'GM/ES-055', 'GM/CS-003', 'GM/CS-023', 'GM/CS-095', 'GM/CS-027', 'GM/CS-038', 'GM/ES-025', 'GM/CS-057', 'GM/CS-030', 'GM/CS-024', 'GM/CS-029', 'GM/ES-027', 'GM/ES-088', 'GM/ES-024', 'GM/CS-035', 'GM/ES-015', 'GM/ES-003', 'GM/ES-066']"
MM0GLM/P,1,Heather Hopper,2018-08-10,"['GM/ES-006', 'GM/ES-036', 'GM/CS-009', 'GM/CS-088', 'GM/ES-012', 'GM/ES-052', 'GM/WS-271', 'GM/CS-086', 'GM/ES-050', 'GM/CS-061', 'GM/ES-008', 'GM/ES-038', 'GM/CS-014', 'GM/ES-046', 'GM/CS-046', 'GM/WS-277', 'GM/ES-030', 'GM/CS-011', 'GM/ES-011', 'GM/ES-042', 'GM/ES-019', 'GM/ES-017', 'GM/CS-039', 'GM/ES-014', 'GM/CS-060', 'GM/CS-028', 'GM/ES-049', 'GM/ES-002', 'GM/CS-022', 'GM/ES-040', 'GM/CS-077', 'GM/ES-029', 'GM/CS-084', 'GM/CS-036', 'GM/CS-105', 'GM/ES-005', 'GM/CS-112', 'GM/ES-013', 'GM/ES-007', 'GM/ES-053', 'GM/ES-001', 'GM/ES-023', 'GM/ES-004', 'GM/ES-078', 'GM/CS-020', 'GM/CS-092', 'GM/ES-034', 'GM/ES-009', 'GM/CS-037', 'GM/ES-018', 'GM/ES-022', 'GM/ES-028', 'GM/ES-026', 'GM/CS-031', 'GM/CS-078', 'GM/CS-091', 'GM/ES-074', 'GM/ES-010', 'GM/CS-051', 'GM/CS-069', 'GM/CS-045', 'GM/ES-067', 'GM/CS-111', 'GM/ES-055', 'GM/CS-003', 'GM/CS-023', 'GM/CS-095', 'GM/CS-027', 'GM/CS-038', 'GM/ES-025', 'GM/CS-057', 'GM/CS-030', 'GM/CS-024', 'GM/CS-029', 'GM/ES-027', 'GM/ES-088', 'GM/ES-024', 'GM/CS-035', 'GM/ES-015', 'GM/ES-003', 'GM/ES-066']"
MM/OK2PDT/P,1,Heather Hopper,2012-08-10,"['GM/ES-006', 'GM/ES-036', 'GM/CS-009', 'GM/CS-088', 'GM/ES-012', 'GM/ES-052', 'GM/WS-271', 'GM/CS-086', 'GM/ES-043', 'GM/ES-050', 'GM/CS-061', 'GM/ES-038', 'GM/CS-014', 'GM/ES-046', 'GM/CS-046', 'GM/WS-277', 'GM/ES-030', 'GM/CS-011', 'GM/ES-011', 'GM/ES-042', 'GM/ES-019', 'GM/ES-017', 'GM/CS-039', 'GM/ES-014', 'GM/CS-060', 'GM/CS-028', 'GM/ES-049', 'GM/ES-002', 'GM/CS-022', 'GM/ES-040', 'GM/CS-077', 'GM/ES-029', 'GM/CS-084', 'GM/CS-036', 'GM/CS-105', 'GM/ES-005', 'GM/CS-112', 'GM/ES-013', 'GM/ES-007', 'GM/ES-053', 'GM/ES-001', 'GM/ES-023', 'GM/ES-004', 'GM/ES-078', 'GM/CS-020', 'GM/CS-092', 'GM/ES-034', 'GM/ES-009', 'GM/CS-037', 'GM/ES-018', 'GM/ES-022', 'GM/ES-028', 'GM/ES-026', 'GM/CS-031', 'GM/CS-078', 'GM/CS-091', 'GM/ES-074', 'GM/ES-010', 'GM/CS-051', 'GM/CS-069', 'GM/CS-045', 'GM/ES-067', 'GM/CS-111', 'GM/ES-055', 'GM/CS-003', 'GM/CS-023', 'GM/CS-095', 'GM/CS-027', 'GM/CS-038', 'GM/ES-025', 'GM/CS-057', 'GM/CS-030', 'GM/CS-024', 'GM/CS-029', 'GM/ES-027', 'GM/ES-088', 'GM/ES-024', 'GM/CS-035', 'GM/ES-015', 'GM/ES-003', 'GM/ES-066']"
MM/OE3CHC/P,1,Heather Hopper,2012-09-07,"['GM/ES-006', 'GM/ES-036', 'GM/CS-009', 'GM/CS-088', 'GM/ES-012', 'GM/ES-052', 'GM/WS-271', 'GM/CS-086', 'GM/ES-043', 'GM/ES-050', 'GM/CS-061', 'GM/ES-008', 'GM/ES-038', 'GM/CS-014', 'GM/ES-046', 'GM/CS-046', 'GM/WS-277', 'GM/ES-030', 'GM/CS-011', 'GM/ES-011', 'GM/ES-042', 'GM/ES-019', 'GM/ES-017', 'GM/CS-039', 'GM/ES-014', 'GM/CS-060', 'GM/CS-028', 'GM/ES-049', 'GM/ES-002', 'GM/CS-022', 'GM/ES-040', 'GM/CS-077', 'GM/ES-029', 'GM/CS-084', 'GM/CS-036', 'GM/CS-105', 'GM/ES-005', 'GM/CS-112', 'GM/ES-013', 'GM/ES-007', 'GM/ES-053', 'GM/ES-001', 'GM/ES-023', 'GM/ES-004', 'GM/ES-078', 'GM/CS-020', 'GM/CS-092', 'GM/ES-034', 'GM/ES-009', 'GM/CS-037', 'GM/ES-018', 'GM/ES-022', 'GM/ES-028', 'GM/ES-026', 'GM/CS-031', 'GM/CS-078', 'GM/CS-091', 'GM/ES-074', 'GM/ES-010', 'GM/CS-051', 'GM/CS-069', 'GM/CS-045', 'GM/ES-067', 'GM/ES-055', 'GM/CS-003', 'GM/CS-023', 'GM/CS-095', 'GM/CS-027', 'GM/CS-038', 'GM/ES-025', 'GM/CS-057', 'GM/CS-030', 'GM/CS-024', 'GM/CS-029', 'GM/ES-027', 'GM/ES-088', 'GM/ES-024', 'GM/CS-035', 'GM/ES-015', 'GM/ES-003', 'GM/ES-066']"
MM/SQ9NOT/P,1,Heather Hopper,2019-08-07,"['GM/ES-006', 'GM/ES-036', 'GM/CS-009', 'GM/CS-088', 'GM/ES-012', 'GM/ES-052', 'GM/WS-271', 'GM/CS-086', 'GM/ES-043', 'GM/ES-050', 'GM/CS-061', 'GM/ES-008', 'GM/ES-038', 'GM/CS-014', 'GM/ES-046', 'GM/CS-046', 'GM/WS-277', 'GM/ES-030', 'GM/CS-011', 'GM/ES-011', 'GM/ES-042', 'GM/ES-019', 'GM/ES-017', 'GM/CS-039', 'GM/ES-014', 'GM/CS-060', 'GM/CS-028', 'GM/ES-049', 'GM/ES-002', 'GM/CS-022', 'GM/ES-040', 'GM/CS-077', 'GM/ES-029', 'GM/CS-084', 'GM/CS-036', 'GM/CS-105', 'GM/ES-005', 'GM/CS-112', 'GM/ES-013', 'GM/ES-007', 'GM/ES-053', 'GM/ES-001', 'GM/ES-023', 'GM/ES-004', 'GM/ES-078', 'GM/CS-020', 'GM/CS-092', 'GM/ES-034', 'GM/ES-009', 'GM/CS-037', 'GM/ES-018', 'GM/ES-022', 'GM/ES-028', 'GM/ES-026', 'GM/CS-031', 'GM/CS-078', 'GM/CS-091', 'GM/ES-010', 'GM/CS-051', 'GM/CS-069', 'GM/CS-045', 'GM/ES-067', 'GM/CS-111', 'GM/ES-055', 'GM/CS-003', 'GM/CS-023', 'GM/CS-095', 'GM/CS-027', 'GM/CS-038', 'GM/ES-025', 'GM/CS-057', 'GM/CS-030', 'GM/CS-024', 'GM/CS-029', 'GM/ES-027', 'GM/ES-088', 'GM/ES-024', 'GM/CS-035', 'GM/ES-015', 'GM/ES-003', 'GM/ES-066']"
MM0SNA/P,2,Heather Hopper,2019-09-24,"['GM/ES-006', 'GM/ES-036', 'GM/CS-009', 'GM/CS-088', 'GM/ES-012', 'GM/ES-052', 'GM/WS-271', 'GM/CS-086', 'GM/ES-043', 'GM/ES-050', 'GM/CS-061', 'GM/ES-008', 'GM/ES-038', 'GM/CS-014', 'GM/ES-046', 'GM/CS-046', 'GM/WS-277', 'GM/ES-030', 'GM/CS-011', 'GM/ES-011', 'GM/ES-042', 'GM/ES-019', 'GM/ES-017', 'GM/CS-039', 'GM/ES-014', 'GM/CS-060', 'GM/CS-028', 'GM/ES-049', 'GM/ES-002', 'GM/CS-022', 'GM/ES-040', 'GM/CS-077', 'GM/ES-029', 'GM/CS-084', 'GM/CS-036', 'GM/CS-105', 'GM/ES-005', 'GM/CS-112', 'GM/ES-013', 'GM/ES-007', 'GM/ES-053', 'GM/ES-001', 'GM/ES-023', 'GM/ES-004', 'GM/ES-078', 'GM/CS-020', 'GM/CS-092', 'GM/ES-034', 'GM/CS-037', 'GM/ES-018', 'GM/ES-022', 'GM/ES-028', 'GM/ES-026', 'GM/CS-031', 'GM/CS-078', 'GM/CS-091', 'GM/ES-010', 'GM/CS-051', 'GM/CS-069', 'GM/CS-045', 'GM/ES-067', 'GM/CS-111', 'GM/ES-055', 'GM/CS-003', 'GM/CS-023', 'GM/CS-095', 'GM/CS-027', 'GM/CS-038', 'GM/ES-025', 'GM/CS-057', 'GM/CS-030', 'GM/CS-024', 'GM/CS-029', 'GM/ES-027', 'GM/ES-088', 'GM/ES-024', 'GM/CS-035', 'GM/ES-015', 'GM/ES-003', 'GM/ES-066']"
2M0KAU/P,4,Heather Hopper,2019-07-07,"['GM/ES-006', 'GM/ES-036', 'GM/CS-009', 'GM/CS-088', 'GM/ES-012', 'GM/ES-052', 'GM/WS-271', 'GM/CS-086', 'GM/ES-043', 'GM/ES-050', 'GM/CS-061', 'GM/ES-008', 'GM/ES-038', 'GM/CS-014', 'GM/ES-046', 'GM/CS-046', 'GM/WS-277', 'GM/ES-030', 'GM/CS-011', 'GM/ES-011', 'GM/ES-042', 'GM/ES-019', 'GM/ES-017', 'GM/CS-039', 'GM/CS-060', 'GM/CS-028', 'GM/ES-049', 'GM/ES-002', 'GM/CS-022', 'GM/ES-040', 'GM/CS-077', 'GM/ES-029', 'GM/CS-084', 'GM/CS-036', 'GM/CS-105', 'GM/ES-005', 'GM/CS-112', 'GM/ES-013', 'GM/ES-007', 'GM/ES-053', 'GM/ES-001', 'GM/ES-023', 'GM/ES-004', 'GM/CS-020', 'GM/CS-092', 'GM/ES-034', 'GM/ES-009', 'GM/CS-037', 'GM/ES-018', 'GM/ES-022', 'GM/ES-028', 'GM/ES-026', 'GM/CS-031', 'GM/CS-078', 'GM/CS-091', 'GM/ES-074', 'GM/ES-010', 'GM/CS-051', 'GM/CS-069', 'GM/CS-045', 'GM/CS-111', 'GM/CS-003', 'GM/CS-023', 'GM/CS-095', 'GM/CS-027', 'GM/CS-038', 'GM/ES-025', 'GM/CS-057', 'GM/CS-030', 'GM/CS-024', 'GM/CS-029', 'GM/ES-027', 'GM/ES-088', 'GM/ES-024', 'GM/CS-035', 'GM/ES-015', 'GM/ES-003', 'GM/ES-066']"
anon54803907,2,Heather Hopper,2016-09-25,"['GM/ES-006', 'GM/ES-036', 'GM/CS-009', 'GM/CS-088', 'GM/ES-012', 'GM/ES-052', 'GM/WS-271', 'GM/CS-086', 'GM/ES-043', 'GM/ES-050', 'GM/CS-061', 'GM/ES-008', 'GM/ES-038', 'GM/CS-014', 'GM/ES-046', 'GM/CS-046', 'GM/WS-277', 'GM/ES-030', 'GM/CS-011', 'GM/ES-011', 'GM/ES-042', 'GM/ES-019', 'GM/ES-017', 'GM/CS-039', 'GM/CS-060', 'GM/CS-028', 'GM/ES-049', 'GM/ES-002', 'GM/CS-022', 'GM/ES-040', 'GM/CS-077', 'GM/ES-029', 'GM/CS-084', 'GM/CS-036', 'GM/CS-105', 'GM/ES-005', 'GM/CS-112', 'GM/ES-013', 'GM/ES-007', 'GM/ES-053', 'GM/ES-001', 'GM/ES-023', 'GM/ES-004', 'GM/CS-020', 'GM/CS-092', 'GM/ES-034', 'GM/ES-009', 'GM/CS-037', 'GM/ES-018', 'GM/ES-022', 'GM/ES-028', 'GM/ES-026', 'GM/CS-031', 'GM/CS-078', 'GM/CS-091', 'GM/ES-074', 'GM/ES-010', 'GM/CS-051', 'GM/CS-069', 'GM/CS-045', 'GM/ES-067', 'GM/CS-111', 'GM/ES-055', 'GM/CS-003', 'GM/CS-023', 'GM/CS-095', 'GM/CS-027', 'GM/CS-038', 'GM/ES-025', 'GM/CS-057', 'GM/CS-030', 'GM/CS-024', 'GM/CS-029', 'GM/ES-027', 'GM/ES-088', 'GM/ES-024', 'GM/CS-035', 'GM/ES-015', 'GM/ES-003', 'GM/ES-066']"
GM0BKC/P,7,Ptarmigan Pioneer,2016-11-06,"['GM/ES-006', 'GM/ES-036', 'GM/CS-009', 'GM/CS-088', 'GM/ES-052', 'GM/WS-271', 'GM/CS-086', 'GM/ES-043', 'GM/ES-050', 'GM/CS-061', 'GM/ES-008', 'GM/ES-038', 'GM/CS-014', 'GM/ES-046', 'GM/CS-046', 'GM/WS-277', 'GM/ES-030', 'GM/ES-011', 'GM/ES-042', 'GM/ES-019', 'GM/ES-017', 'GM/CS-039', 'GM/CS-060', 'GM/CS-028', 'GM/ES-049', 'GM/ES-002', 'GM/CS-022', 'GM/ES-040', 'GM/ES-029', 'GM/CS-084', 'GM/CS-036', 'GM/CS-105', 'GM/ES-005', 'GM/CS-112', 'GM/ES-013', 'GM/ES-007', 'GM/ES-053', 'GM/ES-001', 'GM/ES-023', 'GM/ES-004', 'GM/ES-078', 'GM/CS-020', 'GM/CS-092', 'GM/ES-034', 'GM/ES-009', 'GM/CS-037', 'GM/ES-018', 'GM/ES-022', 'GM/ES-026', 'GM/CS-031', 'GM/CS-078', 'GM/CS-091', 'GM/ES-074', 'GM/ES-010', 'GM/CS-051', 'GM/CS-069', 'GM/CS-045', 'GM/ES-067', 'GM/CS-111', 'GM/ES-055', 'GM/CS-003', 'GM/CS-023', 'GM/CS-095', 'GM/CS-027', 'GM/CS-038', 'GM/ES-025', 'GM/CS-057', 'GM/CS-024', 'GM/ES-027', 'GM/ES-088', 'GM/ES-024', 'GM/CS-035', 'GM/ES-015', 'GM/ES-003', 'GM/ES-066']"
GM0EVV/P,2,Heather Hopper,2018-09-12,"['GM/ES-006', 'GM/ES-036', 'GM/CS-009', 'GM/CS-088', 'GM/ES-012', 'GM/ES-052', 'GM/WS-271', 'GM/CS-086', 'GM/ES-043', 'GM/ES-050', 'GM/CS-061', 'GM/ES-008', 'GM/ES-038', 'GM/CS-014', 'GM/ES-046', 'GM/CS-046', 'GM/WS-277', 'GM/ES-030', 'GM/CS-011', 'GM/ES-011', 'GM/ES-042', 'GM/ES-019', 'GM/ES-017', 'GM/CS-039', 'GM/ES-014', 'GM/CS-060', 'GM/CS-028', 'GM/ES-049', 'GM/CS-022', 'GM/ES-040', 'GM/CS-077', 'GM/ES-029', 'GM/CS-084', 'GM/CS-036', 'GM/CS-105', 'GM/ES-005', 'GM/CS-112', 'GM/ES-013', 'GM/ES-007', 'GM/ES-053', 'GM/ES-023', 'GM/ES-004', 'GM/ES-078', 'GM/CS-020', 'GM/CS-092', 'GM/ES-034', 'GM/ES-009', 'GM/CS-037', 'GM/ES-018', 'GM/ES-022', 'GM/ES-028', 'GM/ES-026', 'GM/CS-031', 'GM/CS-078', 'GM/CS-091', 'GM/ES-074', 'GM/ES-010', 'GM/CS-051', 'GM/CS-069', 'GM/CS-045', 'GM/ES-067', 'GM/CS-111', 'GM/ES-055', 'GM/CS-003', 'GM/CS-023', 'GM/CS-095', 'GM/CS-027', 'GM/CS-038', 'GM/ES-025', 'GM/CS-057', 'GM/CS-030', 'GM/CS-024', 'GM/CS-029', 'GM/ES-027', 'GM/ES-088', 'GM/ES-024', 'GM/CS-035', 'GM/ES-015', 'GM/ES-003', 'GM/ES-066']"
GM0GAV/P,48,Osprey Outlander,2024-09-08,"['GM/CS-105', 'GM/CS-112', 'GM/CS-088', 'GM/ES-052', 'GM/WS-271', 'GM/ES-053', 'GM/CS-086', 'GM/ES-023', 'GM/ES-050', 'GM/CS-061', 'GM/ES-078', 'GM/ES-038', 'GM/CS-092', 'GM/ES-034', 'GM/ES-046', 'GM/CS-046', 'GM/ES-026', 'GM/CS-091', 'GM/WS-277', 'GM/ES-074', 'GM/ES-030', 'GM/CS-069', 'GM/ES-019', 'GM/ES-067', 'GM/CS-111', 'GM/ES-049', 'GM/CS-095', 'GM/ES-040', 'GM/CS-057', 'GM/ES-029', 'GM/ES-024', 'GM/ES-027', 'GM/CS-084', 'GM/ES-066']"
MM0PDV/P,1,Heather Hopper,2024-06-12,"['GM/ES-006', 'GM/ES-036', 'GM/CS-009', 'GM/CS-088', 'GM/ES-012', 'GM/ES-052', 'GM/WS-271', 'GM/CS-086', 'GM/ES-043', 'GM/ES-050', 'GM/CS-061', 'GM/ES-008', 'GM/ES-038', 'GM/CS-014', 'GM/ES-046', 'GM/CS-046', 'GM/WS-277', 'GM/ES-030', 'GM/CS-011', 'GM/ES-011', 'GM/ES-042', 'GM/ES-019', 'GM/ES-017', 'GM/CS-039', 'GM/ES-014', 'GM/CS-060', 'GM/CS-028', 'GM/ES-049', 'GM/ES-002', 'GM/CS-022', 'GM/ES-040', 'GM/CS-077', 'GM/ES-029', 'GM/CS-084', 'GM/CS-036', 'GM/CS-105', 'GM/ES-005', 'GM/CS-112', 'GM/ES-013', 'GM/ES-007', 'GM/ES-053', 'GM/ES-001', 'GM/ES-023', 'GM/ES-004', 'GM/ES-078', 'GM/CS-020', 'GM/CS-092', 'GM/ES-034', 'GM/ES-009', 'GM/CS-037', 'GM/ES-018', 'GM/ES-022', 'GM/ES-028', 'GM/ES-026', 'GM/CS-031', 'GM/CS-078', 'GM/CS-091', 'GM/ES-074', 'GM/ES-010', 'GM/CS-051', 'GM/CS-069', 'GM/CS-045', 'GM/ES-067', 'GM/CS-111', 'GM/ES-055', 'GM/CS-003', 'GM/CS-023', 'GM/CS-095', 'GM/CS-027', 'GM/CS-038', 'GM/ES-025', 'GM/CS-057', 'GM/CS-030', 'GM/CS-024', 'GM/CS-029', 'GM/ES-088', 'GM/ES-024', 'GM/CS-035', 'GM/ES-015', 'GM/ES-003', 'GM/ES-066']"
GM0AZB/P,2,Heather Hopper,2016-08-17,"['GM/ES-006', 'GM/CS-009', 'GM/CS-088', 'GM/ES-012', 'GM/ES-052', 'GM/WS-271', 'GM/CS-086', 'GM/ES-043', 'GM/ES-050', 'GM/CS-061', 'GM/ES-008', 'GM/ES-038', 'GM/CS-014', 'GM/CS-046', 'GM/WS-277', 'GM/ES-030', 'GM/CS-011', 'GM/ES-011', 'GM/ES-042', 'GM/ES-019', 'GM/ES-017', 'GM/CS-039', 'GM/ES-014', 'GM/CS-060', 'GM/CS-028', 'GM/ES-049', 'GM/ES-002', 'GM/CS-022', 'GM/ES-040', 'GM/CS-077', 'GM/ES-029', 'GM/CS-084', 'GM/CS-036', 'GM/CS-105', 'GM/ES-005', 'GM/CS-112', 'GM/ES-013', 'GM/ES-007', 'GM/ES-053', 'GM/ES-001', 'GM/ES-023', 'GM/ES-004', 'GM/ES-078', 'GM/CS-020', 'GM/CS-092', 'GM/ES-034', 'GM/ES-009', 'GM/CS-037', 'GM/ES-018', 'GM/ES-022', 'GM/ES-028', 'GM/ES-026', 'GM/CS-031', 'GM/CS-078', 'GM/CS-091', 'GM/ES-074', 'GM/ES-010', 'GM/CS-051', 'GM/CS-069', 'GM/CS-045', 'GM/ES-067', 'GM/CS-111', 'GM/ES-055', 'GM/CS-003', 'GM/CS-023', 'GM/CS-095', 'GM/CS-027', 'GM/CS-038', 'GM/ES-025', 'GM/CS-057', 'GM/CS-030', 'GM/CS-024', 'GM/CS-029', 'GM/ES-027', 'GM/ES-088', 'GM/ES-024', 'GM/CS-035', 'GM/ES-015', 'GM/ES-003', 'GM/ES-066']"
GM8OEG/P,5,Ptarmigan Pioneer,2016-05-14,"['GM/ES-006', 'GM/ES-036', 'GM/CS-009', 'GM/CS-088', 'GM/ES-052', 'GM/WS-271', 'GM/CS-086', 'GM/ES-050', 'GM/CS-061', 'GM/ES-008', 'GM/ES-038', 'GM/CS-014', 'GM/ES-046', 'GM/CS-046', 'GM/WS-277', 'GM/ES-030', 'GM/CS-011', 'GM/ES-011', 'GM/ES-042', 'GM/ES-019', 'GM/ES-017', 'GM/CS-039', 'GM/ES-014', 'GM/CS-060', 'GM/CS-028', 'GM/ES-049', 'GM/ES-002', 'GM/CS-022', 'GM/ES-040', 'GM/ES-029', 'GM/CS-084', 'GM/CS-036', 'GM/CS-105', 'GM/ES-005', 'GM/CS-112', 'GM/ES-013', 'GM/ES-007', 'GM/ES-053', 'GM/ES-001', 'GM/ES-023', 'GM/ES-004', 'GM/ES-078', 'GM/CS-020', 'GM/CS-092', 'GM/ES-034', 'GM/ES-009', 'GM/CS-037', 'GM/ES-018', 'GM/ES-022', 'GM/ES-026', 'GM/CS-031', 'GM/CS-078', 'GM/CS-091', 'GM/ES-074', 'GM/ES-010', 'GM/CS-051', 'GM/CS-069', 'GM/CS-045', 'GM/ES-067', 'GM/CS-111', 'GM/ES-055', 'GM/CS-003', 'GM/CS-023', 'GM/CS-095', 'GM/CS-027', 'GM/CS-038', 'GM/ES-025', 'GM/CS-057', 'GM/CS-024', 'GM/CS-029', 'GM/ES-027', 'GM/ES-088', 'GM/ES-024', 'GM/CS-035', 'GM/ES-015', 'GM/ES-003', 'GM/ES-066']"
MM6GYU/P,5,Ptarmigan Pioneer,2021-08-19,"['GM/ES-006', 'GM/CS-009', 'GM/CS-088', 'GM/ES-052', 'GM/WS-271', 'GM/CS-086', 'GM/ES-043', 'GM/CS-061', 'GM/ES-008', 'GM/ES-038', 'GM/CS-014', 'GM/ES-046', 'GM/CS-046', 'GM/WS-277', 'GM/ES-030', 'GM/CS-011', 'GM/ES-011', 'GM/ES-042', 'GM/ES-019', 'GM/ES-017', 'GM/CS-039', 'GM/ES-014', 'GM/CS-060', 'GM/CS-028', 'GM/ES-049', 'GM/ES-002', 'GM/CS-022', 'GM/ES-040', 'GM/CS-077', 'GM/ES-029', 'GM/CS-084', 'GM/CS-036', 'GM/CS-105', 'GM/ES-005', 'GM/CS-112', 'GM/ES-013', 'GM/ES-007', 'GM/ES-053', 'GM/ES-001', 'GM/ES-023', 'GM/ES-004', 'GM/ES-078', 'GM/CS-020', 'GM/CS-092', 'GM/ES-034', 'GM/ES-009', 'GM/CS-037', 'GM/ES-018', 'GM/ES-022', 'GM/ES-028', 'GM/ES-026', 'GM/CS-031', 'GM/CS-078', 'GM/CS-091', 'GM/ES-074', 'GM/CS-051', 'GM/CS-069', 'GM/CS-045', 'GM/ES-067', 'GM/CS-111', 'GM/ES-055', 'GM/CS-003', 'GM/CS-023', 'GM/CS-095', 'GM/CS-027', 'GM/CS-038', 'GM/ES-025', 'GM/CS-057', 'GM/CS-024', 'GM/CS-029', 'GM/ES-027', 'GM/ES-088', 'GM/ES-024', 'GM/CS-035', 'GM/ES-015', 'GM/ES-003', 'GM/ES-066']"
GM0AZA/P,2,Heather Hopper,2016-08-17,"['GM/ES-006', 'GM/CS-009', 'GM/CS-088', 'GM/ES-012', 'GM/ES-052', 'GM/WS-271', 'GM/CS-086', 'GM/ES-043', 'GM/ES-050', 'GM/CS-061', 'GM/ES-008', 'GM/ES-038', 'GM/CS-014', 'GM/CS-046', 'GM/WS-277', 'GM/ES-030', 'GM/CS-011', 'GM/ES-011', 'GM/ES-042', 'GM/ES-019', 'GM/ES-017', 'GM/CS-039', 'GM/ES-014', 'GM/CS-060', 'GM/CS-028', 'GM/ES-049', 'GM/ES-002', 'GM/CS-022', 'GM/ES-040', 'GM/CS-077', 'GM/ES-029', 'GM/CS-084', 'GM/CS-036', 'GM/CS-105', 'GM/ES-005', 'GM/CS-112', 'GM/ES-013', 'GM/ES-007', 'GM/ES-053', 'GM/ES-001', 'GM/ES-023', 'GM/ES-004', 'GM/ES-078', 'GM/CS-020', 'GM/CS-092', 'GM/ES-034', 'GM/ES-009', 'GM/CS-037', 'GM/ES-018', 'GM/ES-022', 'GM/ES-028', 'GM/ES-026', 'GM/CS-031', 'GM/CS-078', 'GM/CS-091', 'GM/ES-074', 'GM/ES-010', 'GM/CS-051', 'GM/CS-069', 'GM/CS-045', 'GM/ES-067', 'GM/CS-111', 'GM/ES-055', 'GM/CS-003', 'GM/CS-023', 'GM/CS-095', 'GM/CS-027', 'GM/CS-038', 'GM/ES-025', 'GM/CS-057', 'GM/CS-030', 'GM/CS-024', 'GM/CS-029', 'GM/ES-027', 'GM/ES-088', 'GM/ES-024', 'GM/CS-035', 'GM/ES-015', 'GM/ES-003', 'GM/ES-066']"
MM0CMV/P,1,Heather Hopper,2019-06-17,"['GM/ES-006', 'GM/ES-036', 'GM/CS-009', 'GM/CS-088', 'GM/ES-012', 'GM/ES-052', 'GM/WS-271', 'GM/CS-086', 'GM/ES-043', 'GM/ES-050', 'GM/CS-061', 'GM/ES-008', 'GM/ES-038', 'GM/CS-014', 'GM/ES-046', 'GM/CS-046', 'GM/WS-277', 'GM/ES-030', 'GM/CS-011', 'GM/ES-011', 'GM/ES-042', 'GM/ES-019', 'GM/ES-017', 'GM/CS-039', 'GM/ES-014', 'GM/CS-060', 'GM/CS-028', 'GM/ES-049', 'GM/ES-002', 'GM/CS-022', 'GM/ES-040', 'GM/CS-077', 'GM/ES-029', 'GM/CS-084', 'GM/CS-036', 'GM/CS-105', 'GM/ES-005', 'GM/CS-112', 'GM/ES-013', 'GM/ES-007', 'GM/ES-053', 'GM/ES-001', 'GM/ES-023', 'GM/ES-004', 'GM/ES-078', 'GM/CS-020', 'GM/CS-092', 'GM/ES-034', 'GM/ES-009', 'GM/CS-037', 'GM/ES-018', 'GM/ES-022', 'GM/ES-028', 'GM/ES-026', 'GM/CS-031', 'GM/CS-078', 'GM/CS-091', 'GM/ES-074', 'GM/ES-010', 'GM/CS-051', 'GM/CS-069', 'GM/CS-045', 'GM/ES-067', 'GM/CS-111', 'GM/ES-055', 'GM/CS-003', 'GM/CS-023', 'GM/CS-095', 'GM/CS-027', 'GM/CS-038', 'GM/ES-025', 'GM/CS-057', 'GM/CS-030', 'GM/CS-024', 'GM/ES-027', 'GM/ES-088', 'GM/ES-024', 'GM/CS-035', 'GM/ES-015', 'GM/ES-003', 'GM/ES-066']"
GM7WKX/P,6,Ptarmigan Pioneer,2022-06-16,"['GM/ES-006', 'GM/ES-036', 'GM/CS-088', 'GM/ES-012', 'GM/ES-052', 'GM/WS-271', 'GM/CS-086', 'GM/ES-043', 'GM/ES-050', 'GM/CS-061', 'GM/ES-008', 'GM/ES-038', 'GM/CS-014', 'GM/ES-046', 'GM/CS-046', 'GM/WS-277', 'GM/ES-030', 'GM/ES-011', 'GM/ES-042', 'GM/ES-019', 'GM/ES-017', 'GM/ES-014', 'GM/CS-060', 'GM/CS-028', 'GM/ES-049', 'GM/ES-002', 'GM/ES-040', 'GM/CS-077', 'GM/ES-029', 'GM/CS-084', 'GM/CS-036', 'GM/CS-105', 'GM/ES-005', 'GM/CS-112', 'GM/ES-013', 'GM/ES-007', 'GM/ES-053', 'GM/ES-023', 'GM/ES-004', 'GM/ES-078', 'GM/CS-020', 'GM/CS-092', 'GM/ES-034', 'GM/ES-009', 'GM/CS-037', 'GM/ES-018', 'GM/ES-022', 'GM/ES-028', 'GM/ES-026', 'GM/CS-031', 'GM/CS-078', 'GM/CS-091', 'GM/ES-074', 'GM/ES-010', 'GM/CS-051', 'GM/CS-069', 'GM/CS-045', 'GM/ES-067', 'GM/CS-111', 'GM/ES-055', 'GM/CS-003', 'GM/CS-023', 'GM/CS-095', 'GM/CS-027', 'GM/CS-038', 'GM/ES-025', 'GM/CS-057', 'GM/CS-030', 'GM/CS-024', 'GM/ES-027', 'GM/ES-088', 'GM/ES-024', 'GM/CS-035', 'GM/ES-015', 'GM/ES-003', 'GM/ES-066']"
MM0NJH/P,3,Heather Hopper,2024-04-19,"['GM/ES-006', 'GM/ES-036', 'GM/CS-009', 'GM/CS-088', 'GM/ES-012', 'GM/ES-052', 'GM/WS-271', 'GM/ES-043', 'GM/ES-050', 'GM/CS-061', 'GM/ES-008', 'GM/CS-014', 'GM/ES-046', 'GM/CS-046', 'GM/WS-277', 'GM/ES-030', 'GM/CS-011', 'GM/ES-011', 'GM/ES-042', 'GM/ES-019', 'GM/ES-017', 'GM/CS-039', 'GM/ES-014', 'GM/CS-060', 'GM/CS-028', 'GM/ES-049', 'GM/ES-002', 'GM/CS-022', 'GM/ES-040', 'GM/CS-077', 'GM/ES-029', 'GM/CS-084', 'GM/CS-036', 'GM/CS-105', 'GM/ES-005', 'GM/CS-112', 'GM/ES-013', 'GM/ES-007', 'GM/ES-053', 'GM/ES-001', 'GM/ES-023', 'GM/ES-004', 'GM/ES-078', 'GM/CS-020', 'GM/CS-092', 'GM/ES-034', 'GM/ES-009', 'GM/CS-037', 'GM/ES-018', 'GM/ES-022', 'GM/ES-028', 'GM/ES-026', 'GM/CS-031', 'GM/CS-078', 'GM/CS-091', 'GM/ES-074', 'GM/ES-010', 'GM/CS-051', 'GM/CS-069', 'GM/CS-045', 'GM/ES-067', 'GM/CS-111', 'GM/ES-055', 'GM/CS-003', 'GM/CS-023', 'GM/CS-095', 'GM/CS-027', 'GM/CS-038', 'GM/ES-025', 'GM/CS-057', 'GM/CS-030', 'GM/CS-024', 'GM/CS-029', 'GM/ES-088', 'GM/ES-024', 'GM/CS-035', 'GM/ES-015', 'GM/ES-003', 'GM/ES-066']"
2M0KZN/P,3,Heather Hopper,2021-12-22,"['GM/ES-006', 'GM/CS-009', 'GM/CS-088', 'GM/ES-012', 'GM/ES-052', 'GM/WS-271', 'GM/CS-086', 'GM/ES-043', 'GM/ES-050', 'GM/CS-061', 'GM/ES-038', 'GM/CS-014', 'GM/ES-046', 'GM/CS-046', 'GM/WS-277', 'GM/ES-030', 'GM/CS-011', 'GM/ES-011', 'GM/ES-042', 'GM/ES-019', 'GM/ES-017', 'GM/CS-039', 'GM/ES-014', 'GM/CS-060', 'GM/CS-028', 'GM/ES-049', 'GM/ES-002', 'GM/CS-022', 'GM/ES-040', 'GM/CS-077', 'GM/ES-029', 'GM/CS-084', 'GM/CS-036', 'GM/CS-105', 'GM/ES-005', 'GM/CS-112', 'GM/ES-013', 'GM/ES-007', 'GM/ES-053', 'GM/ES-001', 'GM/ES-023', 'GM/ES-004', 'GM/ES-078', 'GM/CS-020', 'GM/CS-092', 'GM/ES-034', 'GM/ES-009', 'GM/CS-037', 'GM/ES-022', 'GM/ES-028', 'GM/ES-026', 'GM/CS-031', 'GM/CS-078', 'GM/CS-091', 'GM/ES-074', 'GM/ES-010', 'GM/CS-051', 'GM/CS-069', 'GM/CS-045', 'GM/ES-067', 'GM/CS-111', 'GM/ES-055', 'GM/CS-003', 'GM/CS-023', 'GM/CS-095', 'GM/CS-027', 'GM/CS-038', 'GM/ES-025', 'GM/CS-057', 'GM/CS-030', 'GM/CS-024', 'GM/CS-029', 'GM/ES-027', 'GM/ES-088', 'GM/ES-024', 'GM/CS-035', 'GM/ES-015', 'GM/ES-003', 'GM/ES-066']"
MM1HAX/P,1,Heather Hopper,2023-02-18,"['GM/ES-006', 'GM/ES-036', 'GM/CS-009', 'GM/CS-088', 'GM/ES-012', 'GM/ES-052', 'GM/WS-271', 'GM/CS-086', 'GM/ES-043', 'GM/ES-050', 'GM/CS-061', 'GM/ES-008', 'GM/ES-038', 'GM/CS-014', 'GM/ES-046', 'GM/CS-046', 'GM/WS-277', 'GM/ES-030', 'GM/CS-011', 'GM/ES-011', 'GM/ES-042', 'GM/ES-019', 'GM/ES-017', 'GM/CS-039', 'GM/ES-014', 'GM/CS-060', 'GM/CS-028', 'GM/ES-049', 'GM/ES-002', 'GM/CS-022', 'GM/ES-040', 'GM/CS-077', 'GM/ES-029', 'GM/CS-084', 'GM/CS-036', 'GM/CS-105', 'GM/ES-005', 'GM/CS-112', 'GM/ES-013', 'GM/ES-007', 'GM/ES-053', 'GM/ES-001', 'GM/ES-023', 'GM/ES-004', 'GM/ES-078', 'GM/CS-020', 'GM/CS-092', 'GM/ES-034', 'GM/CS-037', 'GM/ES-018', 'GM/ES-022', 'GM/ES-028', 'GM/ES-026', 'GM/CS-031', 'GM/CS-078', 'GM/CS-091', 'GM/ES-074', 'GM/ES-010', 'GM/CS-051', 'GM/CS-069', 'GM/CS-045', 'GM/ES-067', 'GM/CS-111', 'GM/ES-055', 'GM/CS-003', 'GM/CS-023', 'GM/CS-095', 'GM/CS-027', 'GM/CS-038', 'GM/ES-025', 'GM/CS-057', 'GM/CS-030', 'GM/CS-024', 'GM/CS-029', 'GM/ES-027', 'GM/ES-088', 'GM/ES-024', 'GM/CS-035', 'GM/ES-015', 'GM/ES-003', 'GM/ES-066']"
MM0IVR/P,7,Ptarmigan Pioneer,2024-09-07,"['GM/ES-006', 'GM/ES-036', 'GM/CS-009', 'GM/CS-088', 'GM/ES-012', 'GM/ES-052', 'GM/WS-271', 'GM/CS-086', 'GM/ES-043', 'GM/ES-050', 'GM/CS-061', 'GM/ES-038', 'GM/CS-014', 'GM/ES-046', 'GM/CS-046', 'GM/WS-277', 'GM/ES-030', 'GM/ES-011', 'GM/ES-042', 'GM/ES-019', 'GM/ES-017', 'GM/CS-039', 'GM/ES-014', 'GM/CS-060', 'GM/CS-028', 'GM/ES-049', 'GM/ES-002', 'GM/CS-022', 'GM/ES-040', 'GM/CS-077', 'GM/ES-029', 'GM/CS-084', 'GM/CS-036', 'GM/CS-105', 'GM/ES-005', 'GM/CS-112', 'GM/ES-013', 'GM/ES-007', 'GM/ES-053', 'GM/ES-023', 'GM/ES-004', 'GM/ES-078', 'GM/CS-020', 'GM/CS-092', 'GM/ES-034', 'GM/CS-037', 'GM/ES-018', 'GM/ES-022', 'GM/ES-028', 'GM/ES-026', 'GM/CS-078', 'GM/CS-091', 'GM/ES-074', 'GM/ES-010', 'GM/CS-051', 'GM/CS-069', 'GM/CS-045', 'GM/ES-067', 'GM/CS-111', 'GM/ES-055', 'GM/CS-003', 'GM/CS-023', 'GM/CS-095', 'GM/CS-027', 'GM/CS-038', 'GM/ES-025', 'GM/CS-057', 'GM/CS-030', 'GM/CS-024', 'GM/ES-088', 'GM/ES-024', 'GM/CS-035', 'GM/ES-015', 'GM/ES-003', 'GM/ES-066']"
MM0VPM,19,Capercaillie Conqueror,2024-09-25,"['GM/ES-036', 'GM/CS-088', 'GM/ES-052', 'GM/WS-271', 'GM/CS-086', 'GM/ES-043', 'GM/ES-050', 'GM/CS-061', 'GM/ES-008', 'GM/ES-038', 'GM/ES-046', 'GM/CS-046', 'GM/WS-277', 'GM/ES-030', 'GM/ES-011', 'GM/ES-042', 'GM/ES-019', 'GM/ES-017', 'GM/CS-039', 'GM/ES-014', 'GM/CS-060', 'GM/CS-028', 'GM/ES-049', 'GM/ES-040', 'GM/CS-077', 'GM/ES-029', 'GM/CS-084', 'GM/CS-105', 'GM/ES-005', 'GM/CS-112', 'GM/ES-053', 'GM/ES-023', 'GM/ES-078', 'GM/CS-092', 'GM/ES-034', 'GM/CS-037', 'GM/ES-018', 'GM/ES-028', 'GM/ES-026', 'GM/CS-031', 'GM/CS-078', 'GM/CS-091', 'GM/ES-074', 'GM/ES-010', 'GM/CS-051', 'GM/CS-069', 'GM/CS-045', 'GM/ES-067', 'GM/CS-111', 'GM/ES-055', 'GM/CS-023', 'GM/CS-095', 'GM/CS-027', 'GM/CS-038', 'GM/ES-025', 'GM/CS-057', 'GM/CS-024', 'GM/ES-027', 'GM/ES-088', 'GM/ES-024', 'GM/CS-035', 'GM/ES-015', 'GM/ES-066']"
MM5NEX,1,Heather Hopper,2019-06-27,"['GM/ES-006', 'GM/ES-036', 'GM/CS-009', 'GM/CS-088', 'GM/ES-012', 'GM/ES-052', 'GM/WS-271', 'GM/ES-043', 'GM/ES-050', 'GM/CS-061', 'GM/ES-008', 'GM/ES-038', 'GM/CS-014', 'GM/ES-046', 'GM/CS-046', 'GM/WS-277', 'GM/ES-030', 'GM/CS-011', 'GM/ES-011', 'GM/ES-042', 'GM/ES-019', 'GM/ES-017', 'GM/CS-039', 'GM/ES-014', 'GM/CS-060', 'GM/CS-028', 'GM/ES-049', 'GM/ES-002', 'GM/CS-022', 'GM/ES-040', 'GM/CS-077', 'GM/ES-029', 'GM/CS-084', 'GM/CS-036', 'GM/CS-105', 'GM/ES-005', 'GM/CS-112', 'GM/ES-013', 'GM/ES-007', 'GM/ES-053', 'GM/ES-001', 'GM/ES-023', 'GM/ES-004', 'GM/ES-078', 'GM/CS-020', 'GM/CS-092', 'GM/ES-034', 'GM/ES-009', 'GM/CS-037', 'GM/ES-018', 'GM/ES-022', 'GM/ES-028', 'GM/ES-026', 'GM/CS-031', 'GM/CS-078', 'GM/CS-091', 'GM/ES-074', 'GM/ES-010', 'GM/CS-051', 'GM/CS-069', 'GM/CS-045', 'GM/ES-067', 'GM/CS-111', 'GM/ES-055', 'GM/CS-003', 'GM/CS-023', 'GM/CS-095', 'GM/CS-027', 'GM/CS-038', 'GM/ES-025', 'GM/CS-057', 'GM/CS-030', 'GM/CS-024', 'GM/CS-029', 'GM/ES-027', 'GM/ES-088', 'GM/ES-024', 'GM/CS-035', 'GM/ES-015', 'GM/ES-003', 'GM/ES-066']"
MM0RPK/P,4,Heather Hopper,2022-12-30,"['GM/ES-006', 'GM/CS-009', 'GM/CS-088', 'GM/ES-012', 'GM/ES-052', 'GM/WS-271', 'GM/CS-086', 'GM/ES-043', 'GM/ES-050', 'GM/CS-061', 'GM/ES-008', 'GM/ES-038', 'GM/CS-014', 'GM/ES-046', 'GM/CS-046', 'GM/WS-277', 'GM/ES-030', 'GM/CS-011', 'GM/ES-011', 'GM/ES-042', 'GM/ES-019', 'GM/ES-017', 'GM/CS-039', 'GM/ES-014', 'GM/CS-060', 'GM/CS-028', 'GM/ES-049', 'GM/ES-002', 'GM/CS-022', 'GM/ES-040', 'GM/CS-077', 'GM/ES-029', 'GM/CS-084', 'GM/CS-036', 'GM/CS-105', 'GM/ES-005', 'GM/CS-112', 'GM/ES-013', 'GM/ES-007', 'GM/ES-053', 'GM/ES-001', 'GM/ES-023', 'GM/ES-004', 'GM/ES-078', 'GM/CS-020', 'GM/CS-092', 'GM/ES-034', 'GM/ES-009', 'GM/CS-037', 'GM/ES-018', 'GM/ES-028', 'GM/ES-026', 'GM/CS-031', 'GM/CS-078', 'GM/CS-091', 'GM/ES-010', 'GM/CS-051', 'GM/CS-069', 'GM/CS-045', 'GM/ES-067', 'GM/CS-111', 'GM/ES-055', 'GM/CS-003', 'GM/CS-023', 'GM/CS-095', 'GM/CS-027', 'GM/CS-038', 'GM/ES-025', 'GM/CS-057', 'GM/CS-030', 'GM/CS-024', 'GM/CS-029', 'GM/ES-088', 'GM/ES-024', 'GM/CS-035', 'GM/ES-015', 'GM/ES-003', 'GM/ES-066']"
GM5AIB/P,16,Capercaillie Conqueror,2024-07-14,"['GM/ES-006', 'GM/CS-009', 'GM/CS-088', 'GM/ES-012', 'GM/ES-052', 'GM/WS-271', 'GM/CS-086', 'GM/ES-050', 'GM/CS-061', 'GM/ES-008', 'GM/ES-038', 'GM/ES-046', 'GM/CS-046', 'GM/WS-277', 'GM/ES-011', 'GM/ES-042', 'GM/ES-019', 'GM/ES-017', 'GM/CS-039', 'GM/ES-014', 'GM/CS-060', 'GM/CS-028', 'GM/ES-002', 'GM/CS-022', 'GM/ES-040', 'GM/ES-029', 'GM/CS-084', 'GM/CS-036', 'GM/CS-105', 'GM/ES-005', 'GM/CS-112', 'GM/ES-013', 'GM/ES-007', 'GM/ES-053', 'GM/ES-001', 'GM/ES-004', 'GM/ES-078', 'GM/CS-092', 'GM/ES-009', 'GM/CS-037', 'GM/ES-022', 'GM/ES-026', 'GM/CS-031', 'GM/CS-078', 'GM/CS-091', 'GM/ES-074', 'GM/ES-010', 'GM/CS-051', 'GM/CS-069', 'GM/CS-045', 'GM/ES-067', 'GM/CS-111', 'GM/ES-055', 'GM/CS-003', 'GM/CS-023', 'GM/CS-095', 'GM/CS-027', 'GM/CS-038', 'GM/CS-057', 'GM/CS-024', 'GM/CS-029', 'GM/ES-027', 'GM/ES-024', 'GM/CS-035', 'GM/ES-003', 'GM/ES-066']"
GM4JXP/P,19,Capercaillie Conqueror,2024-09-25,"['GM/ES-006', 'GM/CS-009', 'GM/CS-088', 'GM/WS-271', 'GM/CS-086', 'GM/CS-061', 'GM/ES-008', 'GM/CS-014', 'GM/CS-046', 'GM/WS-277', 'GM/CS-011', 'GM/ES-011', 'GM/ES-042', 'GM/ES-019', 'GM/ES-017', 'GM/CS-039', 'GM/ES-014', 'GM/CS-028', 'GM/ES-002', 'GM/CS-022', 'GM/ES-040', 'GM/ES-029', 'GM/CS-084', 'GM/CS-036', 'GM/CS-105', 'GM/ES-005', 'GM/CS-112', 'GM/ES-013', 'GM/ES-007', 'GM/ES-001', 'GM/ES-023', 'GM/ES-004', 'GM/CS-020', 'GM/CS-092', 'GM/ES-009', 'GM/CS-037', 'GM/ES-022', 'GM/ES-026', 'GM/CS-031', 'GM/CS-078', 'GM/CS-091', 'GM/ES-074', 'GM/ES-010', 'GM/CS-051', 'GM/CS-069', 'GM/CS-045', 'GM/CS-111', 'GM/CS-003', 'GM/CS-023', 'GM/CS-095', 'GM/CS-027', 'GM/CS-038', 'GM/ES-025', 'GM/CS-057', 'GM/CS-030', 'GM/CS-024', 'GM/CS-029', 'GM/ES-027', 'GM/ES-088', 'GM/ES-024', 'GM/CS-035', 'GM/ES-015', 'GM/ES-003']"
GM1AUZ,1,Heather Hopper,2024-09-29,"['GM/ES-006', 'GM/ES-036', 'GM/CS-009', 'GM/CS-088', 'GM/ES-012', 'GM/ES-052', 'GM/WS-271', 'GM/CS-086', 'GM/ES-043', 'GM/ES-050', 'GM/CS-061', 'GM/ES-008', 'GM/ES-038', 'GM/CS-014', 'GM/ES-046', 'GM/CS-046', 'GM/WS-277', 'GM/ES-030', 'GM/CS-011', 'GM/ES-011', 'GM/ES-042', 'GM/ES-019', 'GM/ES-017', 'GM/CS-039', 'GM/ES-014', 'GM/CS-060', 'GM/CS-028', 'GM/ES-049', 'GM/ES-002', 'GM/CS-022', 'GM/ES-040', 'GM/CS-077', 'GM/ES-029', 'GM/CS-084', 'GM/CS-036', 'GM/CS-105', 'GM/ES-005', 'GM/CS-112', 'GM/ES-013', 'GM/ES-007', 'GM/ES-053', 'GM/ES-001', 'GM/ES-023', 'GM/ES-004', 'GM/ES-078', 'GM/CS-020', 'GM/CS-092', 'GM/ES-034', 'GM/ES-009', 'GM/CS-037', 'GM/ES-022', 'GM/ES-028', 'GM/ES-026', 'GM/CS-031', 'GM/CS-078', 'GM/CS-091', 'GM/ES-074', 'GM/ES-010', 'GM/CS-051', 'GM/CS-069', 'GM/CS-045', 'GM/ES-067', 'GM/CS-111', 'GM/ES-055', 'GM/CS-003', 'GM/CS-023', 'GM/CS-095', 'GM/CS-027', 'GM/CS-038', 'GM/ES-025', 'GM/CS-057', 'GM/CS-030', 'GM/CS-024', 'GM/CS-029', 'GM/ES-027', 'GM/ES-088', 'GM/ES-024', 'GM/CS-035', 'GM/ES-015', 'GM/ES-003', 'GM/ES-066']"
MM0RFN/P,4,Heather Hopper,2023-07-08,"['GM/ES-006', 'GM/ES-036', 'GM/CS-009', 'GM/CS-088', 'GM/ES-052', 'GM/WS-271', 'GM/CS-086', 'GM/ES-043', 'GM/ES-050', 'GM/CS-061', 'GM/ES-008', 'GM/ES-038', 'GM/CS-014', 'GM/ES-046', 'GM/CS-046', 'GM/WS-277', 'GM/ES-030', 'GM/CS-011', 'GM/ES-011', 'GM/ES-042', 'GM/ES-019', 'GM/ES-017', 'GM/CS-039', 'GM/CS-060', 'GM/CS-028', 'GM/ES-049', 'GM/ES-002', 'GM/CS-022', 'GM/ES-040', 'GM/CS-077', 'GM/ES-029', 'GM/CS-084', 'GM/CS-036', 'GM/CS-105', 'GM/ES-005', 'GM/CS-112', 'GM/ES-013', 'GM/ES-007', 'GM/ES-053', 'GM/ES-001', 'GM/ES-023', 'GM/ES-004', 'GM/ES-078', 'GM/CS-020', 'GM/CS-092', 'GM/ES-009', 'GM/CS-037', 'GM/ES-022', 'GM/ES-028', 'GM/ES-026', 'GM/CS-031', 'GM/CS-078', 'GM/CS-091', 'GM/ES-074', 'GM/ES-010', 'GM/CS-051', 'GM/CS-069', 'GM/CS-045', 'GM/ES-067', 'GM/CS-111', 'GM/ES-055', 'GM/CS-003', 'GM/CS-023', 'GM/CS-095', 'GM/CS-027', 'GM/CS-038', 'GM/ES-025', 'GM/CS-057', 'GM/CS-030', 'GM/CS-024', 'GM/CS-029', 'GM/ES-027', 'GM/ES-088', 'GM/ES-024', 'GM/CS-035', 'GM/ES-015', 'GM/ES-003', 'GM/ES-066']"
MM7SRA/P,1,Heather Hopper,2022-08-30,"['GM/ES-006', 'GM/ES-036', 'GM/CS-009', 'GM/CS-088', 'GM/ES-012', 'GM/ES-052', 'GM/WS-271', 'GM/CS-086', 'GM/ES-043', 'GM/ES-050', 'GM/CS-061', 'GM/ES-008', 'GM/ES-038', 'GM/CS-014', 'GM/ES-046', 'GM/CS-046', 'GM/WS-277', 'GM/ES-030', 'GM/CS-011', 'GM/ES-011', 'GM/ES-042', 'GM/ES-019', 'GM/ES-017', 'GM/CS-039', 'GM/ES-014', 'GM/CS-060', 'GM/CS-028', 'GM/ES-049', 'GM/ES-002', 'GM/CS-022', 'GM/ES-040', 'GM/CS-077', 'GM/ES-029', 'GM/CS-084', 'GM/CS-036', 'GM/CS-105', 'GM/ES-005', 'GM/CS-112', 'GM/ES-013', 'GM/ES-007', 'GM/ES-053', 'GM/ES-001', 'GM/ES-023', 'GM/ES-004', 'GM/ES-078', 'GM/CS-020', 'GM/CS-092', 'GM/ES-034', 'GM/ES-009', 'GM/CS-037', 'GM/ES-018', 'GM/ES-022', 'GM/ES-028', 'GM/ES-026', 'GM/CS-031', 'GM/CS-078', 'GM/CS-091', 'GM/ES-074', 'GM/ES-010', 'GM/CS-051', 'GM/CS-069', 'GM/CS-045', 'GM/ES-067', 'GM/CS-111', 'GM/ES-055', 'GM/CS-003', 'GM/CS-023', 'GM/CS-095', 'GM/CS-027', 'GM/CS-038', 'GM/ES-025', 'GM/CS-057', 'GM/CS-030', 'GM/CS-024', 'GM/CS-029', 'GM/ES-088', 'GM/ES-024', 'GM/CS-035', 'GM/ES-015', 'GM/ES-003', 'GM/ES-066']"
MM0EFI/P,72,Osprey Outlander,2024-05-08,"['GM/CS-078', 'GM/WS-277', 'GM/CS-095', 'GM/CS-057', 'GM/CS-069', 'GM/CS-088', 'GM/CS-037', 'GM/CS-092', 'GM/WS-271', 'GM/CS-086']"
MM7NDC/P,4,Heather Hopper,2022-06-16,"['GM/ES-006', 'GM/ES-036', 'GM/CS-088', 'GM/ES-012', 'GM/ES-052', 'GM/WS-271', 'GM/CS-086', 'GM/ES-043', 'GM/ES-050', 'GM/CS-061', 'GM/ES-008', 'GM/ES-038', 'GM/CS-014', 'GM/ES-046', 'GM/CS-046', 'GM/WS-277', 'GM/ES-030', 'GM/ES-011', 'GM/ES-042', 'GM/ES-019', 'GM/ES-017', 'GM/CS-039', 'GM/ES-014', 'GM/CS-060', 'GM/CS-028', 'GM/ES-049', 'GM/ES-002', 'GM/ES-040', 'GM/CS-077', 'GM/ES-029', 'GM/CS-084', 'GM/CS-036', 'GM/CS-105', 'GM/ES-005', 'GM/CS-112', 'GM/ES-013', 'GM/ES-007', 'GM/ES-053', 'GM/ES-001', 'GM/ES-023', 'GM/ES-004', 'GM/ES-078', 'GM/CS-020', 'GM/CS-092', 'GM/ES-034', 'GM/ES-009', 'GM/CS-037', 'GM/ES-018', 'GM/ES-022', 'GM/ES-028', 'GM/ES-026', 'GM/CS-031', 'GM/CS-078', 'GM/CS-091', 'GM/ES-074', 'GM/ES-010', 'GM/CS-051', 'GM/CS-069', 'GM/CS-045', 'GM/ES-067', 'GM/CS-111', 'GM/ES-055', 'GM/CS-003', 'GM/CS-023', 'GM/CS-095', 'GM/CS-027', 'GM/CS-038', 'GM/ES-025', 'GM/CS-057', 'GM/CS-030', 'GM/CS-024', 'GM/ES-027', 'GM/ES-088', 'GM/ES-024', 'GM/CS-035', 'GM/ES-015', 'GM/ES-003', 'GM/ES-066']"
MM7MWL/P,7,Ptarmigan Pioneer,2024-09-06,"['GM/ES-006', 'GM/CS-009', 'GM/CS-088', 'GM/ES-052', 'GM/WS-271', 'GM/CS-086', 'GM/ES-043', 'GM/ES-050', 'GM/CS-061', 'GM/ES-008', 'GM/ES-038', 'GM/CS-014', 'GM/CS-046', 'GM/WS-277', 'GM/CS-011', 'GM/ES-011', 'GM/ES-042', 'GM/ES-019', 'GM/ES-017', 'GM/CS-039', 'GM/ES-014', 'GM/CS-060', 'GM/CS-028', 'GM/ES-002', 'GM/CS-022', 'GM/ES-040', 'GM/CS-077', 'GM/ES-029', 'GM/CS-084', 'GM/CS-036', 'GM/CS-105', 'GM/ES-005', 'GM/CS-112', 'GM/ES-013', 'GM/ES-007', 'GM/ES-001', 'GM/ES-023', 'GM/ES-004', 'GM/ES-078', 'GM/CS-020', 'GM/CS-092', 'GM/ES-009', 'GM/CS-037', 'GM/ES-018', 'GM/ES-022', 'GM/ES-028', 'GM/ES-026', 'GM/CS-031', 'GM/CS-078', 'GM/CS-091', 'GM/ES-074', 'GM/ES-010', 'GM/CS-051', 'GM/CS-069', 'GM/CS-045', 'GM/ES-067', 'GM/CS-111', 'GM/ES-055', 'GM/CS-003', 'GM/CS-023', 'GM/CS-095', 'GM/CS-027', 'GM/CS-038', 'GM/ES-025', 'GM/CS-057', 'GM/CS-030', 'GM/CS-024', 'GM/CS-029', 'GM/ES-027', 'GM/ES-088', 'GM/ES-024', 'GM/CS-035', 'GM/ES-015', 'GM/ES-003', 'GM/ES-066']"
MM7RVC,8,Ptarmigan Pioneer,2024-09-29,"['GM/ES-006', 'GM/CS-009', 'GM/CS-088', 'GM/ES-012', 'GM/ES-052', 'GM/WS-271', 'GM/CS-086', 'GM/ES-043', 'GM/ES-050', 'GM/CS-061', 'GM/ES-008', 'GM/ES-038', 'GM/CS-014', 'GM/ES-046', 'GM/CS-046', 'GM/WS-277', 'GM/ES-030', 'GM/CS-011', 'GM/ES-011', 'GM/ES-042', 'GM/ES-019', 'GM/ES-017', 'GM/CS-039', 'GM/ES-014', 'GM/CS-060', 'GM/CS-028', 'GM/ES-002', 'GM/CS-022', 'GM/ES-040', 'GM/CS-077', 'GM/ES-029', 'GM/CS-084', 'GM/CS-036', 'GM/CS-105', 'GM/ES-005', 'GM/CS-112', 'GM/ES-007', 'GM/ES-023', 'GM/ES-004', 'GM/ES-078', 'GM/CS-020', 'GM/CS-092', 'GM/ES-009', 'GM/CS-037', 'GM/ES-022', 'GM/ES-028', 'GM/ES-026', 'GM/CS-031', 'GM/CS-078', 'GM/CS-091', 'GM/ES-074', 'GM/ES-010', 'GM/CS-051', 'GM/CS-069', 'GM/CS-045', 'GM/ES-067', 'GM/CS-111', 'GM/ES-055', 'GM/CS-003', 'GM/CS-023', 'GM/CS-095', 'GM/CS-027', 'GM/CS-038', 'GM/ES-025', 'GM/CS-057', 'GM/CS-024', 'GM/CS-029', 'GM/ES-027', 'GM/ES-088', 'GM/ES-024', 'GM/CS-035', 'GM/ES-015', 'GM/ES-003', 'GM/ES-066']"
GM4BML/P,5,Ptarmigan Pioneer,2023-05-06,"['GM/ES-006', 'GM/ES-036', 'GM/CS-009', 'GM/CS-088', 'GM/ES-012', 'GM/ES-052', 'GM/WS-271', 'GM/CS-086', 'GM/ES-043', 'GM/ES-050', 'GM/CS-061', 'GM/ES-008', 'GM/ES-038', 'GM/CS-014', 'GM/ES-046', 'GM/WS-277', 'GM/ES-030', 'GM/CS-011', 'GM/ES-011', 'GM/ES-042', 'GM/ES-019', 'GM/ES-017', 'GM/CS-039', 'GM/ES-014', 'GM/CS-060', 'GM/CS-028', 'GM/ES-049', 'GM/ES-002', 'GM/CS-022', 'GM/ES-040', 'GM/CS-077', 'GM/ES-029', 'GM/CS-036', 'GM/CS-105', 'GM/CS-112', 'GM/ES-007', 'GM/ES-053', 'GM/ES-023', 'GM/ES-004', 'GM/ES-078', 'GM/CS-020', 'GM/CS-092', 'GM/ES-034', 'GM/ES-009', 'GM/CS-037', 'GM/ES-018', 'GM/ES-022', 'GM/ES-028', 'GM/ES-026', 'GM/CS-031', 'GM/CS-078', 'GM/CS-091', 'GM/ES-074', 'GM/ES-010', 'GM/CS-051', 'GM/CS-069', 'GM/CS-045', 'GM/ES-067', 'GM/CS-111', 'GM/ES-055', 'GM/CS-003', 'GM/CS-023', 'GM/CS-095', 'GM/CS-027', 'GM/CS-038', 'GM/ES-025', 'GM/CS-057', 'GM/CS-030', 'GM/CS-024', 'GM/CS-029', 'GM/ES-027', 'GM/ES-088', 'GM/ES-024', 'GM/CS-035', 'GM/ES-015', 'GM/ES-003', 'GM/ES-066']"
MM/KI6SYD/P,1,Heather Hopper,2022-07-13,"['GM/ES-006', 'GM/ES-036', 'GM/CS-009', 'GM/CS-088', 'GM/ES-012', 'GM/ES-052', 'GM/WS-271', 'GM/CS-086', 'GM/ES-043', 'GM/ES-050', 'GM/CS-061', 'GM/ES-038', 'GM/CS-014', 'GM/ES-046', 'GM/CS-046', 'GM/WS-277', 'GM/ES-030', 'GM/CS-011', 'GM/ES-011', 'GM/ES-042', 'GM/ES-019', 'GM/ES-017', 'GM/CS-039', 'GM/ES-014', 'GM/CS-060', 'GM/CS-028', 'GM/ES-049', 'GM/ES-002', 'GM/CS-022', 'GM/ES-040', 'GM/CS-077', 'GM/ES-029', 'GM/CS-084', 'GM/CS-036', 'GM/CS-105', 'GM/ES-005', 'GM/CS-112', 'GM/ES-013', 'GM/ES-007', 'GM/ES-053', 'GM/ES-001', 'GM/ES-023', 'GM/ES-004', 'GM/ES-078', 'GM/CS-020', 'GM/CS-092', 'GM/ES-034', 'GM/ES-009', 'GM/CS-037', 'GM/ES-018', 'GM/ES-022', 'GM/ES-028', 'GM/ES-026', 'GM/CS-031', 'GM/CS-078', 'GM/CS-091', 'GM/ES-074', 'GM/ES-010', 'GM/CS-051', 'GM/CS-069', 'GM/CS-045', 'GM/ES-067', 'GM/CS-111', 'GM/ES-055', 'GM/CS-003', 'GM/CS-023', 'GM/CS-095', 'GM/CS-027', 'GM/CS-038', 'GM/ES-025', 'GM/CS-057', 'GM/CS-030', 'GM/CS-024', 'GM/CS-029', 'GM/ES-027', 'GM/ES-088', 'GM/ES-024', 'GM/CS-035', 'GM/ES-015', 'GM/ES-003', 'GM/ES-066']"
MM7RTC/P,1,Heather Hopper,2024-07-11,"['GM/ES-006', 'GM/ES-036', 'GM/CS-009', 'GM/CS-088', 'GM/ES-012', 'GM/ES-052', 'GM/WS-271', 'GM/CS-086', 'GM/ES-043', 'GM/ES-050', 'GM/CS-061', 'GM/ES-008', 'GM/ES-038', 'GM/CS-014', 'GM/ES-046', 'GM/CS-046', 'GM/WS-277', 'GM/ES-030', 'GM/CS-011', 'GM/ES-011', 'GM/ES-042', 'GM/ES-019', 'GM/ES-017', 'GM/CS-039', 'GM/ES-014', 'GM/CS-060', 'GM/CS-028', 'GM/ES-002', 'GM/CS-022', 'GM/ES-040', 'GM/CS-077', 'GM/ES-029', 'GM/CS-084', 'GM/CS-036', 'GM/CS-105', 'GM/ES-005', 'GM/CS-112', 'GM/ES-013', 'GM/ES-007', 'GM/ES-053', 'GM/ES-001', 'GM/ES-023', 'GM/ES-004', 'GM/ES-078', 'GM/CS-020', 'GM/CS-092', 'GM/ES-034', 'GM/ES-009', 'GM/CS-037', 'GM/ES-018', 'GM/ES-022', 'GM/ES-028', 'GM/ES-026', 'GM/CS-031', 'GM/CS-078', 'GM/CS-091', 'GM/ES-074', 'GM/ES-010', 'GM/CS-051', 'GM/CS-069', 'GM/CS-045', 'GM/ES-067', 'GM/CS-111', 'GM/ES-055', 'GM/CS-003', 'GM/CS-023', 'GM/CS-095', 'GM/CS-027', 'GM/CS-038', 'GM/ES-025', 'GM/CS-057', 'GM/CS-030', 'GM/CS-024', 'GM/CS-029', 'GM/ES-027', 'GM/ES-088', 'GM/ES-024', 'GM/CS-035', 'GM/ES-015', 'GM/ES-003', 'GM/ES-066']"
MM7WDP/P,1,Heather Hopper,2022-03-03,"['GM/ES-006', 'GM/ES-036', 'GM/CS-009', 'GM/CS-088', 'GM/ES-012', 'GM/ES-052', 'GM/WS-271', 'GM/CS-086', 'GM/ES-043', 'GM/ES-050', 'GM/CS-061', 'GM/ES-008', 'GM/ES-038', 'GM/CS-014', 'GM/ES-046', 'GM/CS-046', 'GM/WS-277', 'GM/ES-030', 'GM/CS-011', 'GM/ES-011', 'GM/ES-042', 'GM/ES-019', 'GM/ES-017', 'GM/CS-039', 'GM/ES-014', 'GM/CS-060', 'GM/CS-028', 'GM/ES-049', 'GM/ES-002', 'GM/CS-022', 'GM/ES-040', 'GM/CS-077', 'GM/ES-029', 'GM/CS-084', 'GM/CS-036', 'GM/CS-105', 'GM/ES-005', 'GM/CS-112', 'GM/ES-013', 'GM/ES-007', 'GM/ES-053', 'GM/ES-001', 'GM/ES-023', 'GM/ES-004', 'GM/CS-020', 'GM/CS-092', 'GM/ES-034', 'GM/ES-009', 'GM/CS-037', 'GM/ES-018', 'GM/ES-022', 'GM/ES-028', 'GM/ES-026', 'GM/CS-031', 'GM/CS-078', 'GM/CS-091', 'GM/ES-074', 'GM/ES-010', 'GM/CS-051', 'GM/CS-069', 'GM/CS-045', 'GM/ES-067', 'GM/CS-111', 'GM/ES-055', 'GM/CS-003', 'GM/CS-023', 'GM/CS-095', 'GM/CS-027', 'GM/CS-038', 'GM/ES-025', 'GM/CS-057', 'GM/CS-030', 'GM/CS-024', 'GM/CS-029', 'GM/ES-027', 'GM/ES-088', 'GM/ES-024', 'GM/CS-035', 'GM/ES-015', 'GM/ES-003', 'GM/ES-066']"
MM7MOX/P ,2,Heather Hopper,2024-08-12,"['GM/ES-006', 'GM/ES-036', 'GM/CS-009', 'GM/CS-088', 'GM/ES-012', 'GM/ES-052', 'GM/WS-271', 'GM/CS-086', 'GM/ES-043', 'GM/ES-050', 'GM/CS-061', 'GM/ES-008', 'GM/ES-038', 'GM/CS-014', 'GM/ES-046', 'GM/CS-046', 'GM/WS-277', 'GM/ES-030', 'GM/CS-011', 'GM/ES-011', 'GM/ES-042', 'GM/ES-019', 'GM/ES-017', 'GM/CS-039', 'GM/ES-014', 'GM/CS-060', 'GM/CS-028', 'GM/ES-049', 'GM/ES-002', 'GM/CS-022', 'GM/ES-040', 'GM/CS-077', 'GM/ES-029', 'GM/CS-084', 'GM/CS-036', 'GM/CS-105', 'GM/ES-005', 'GM/CS-112', 'GM/ES-013', 'GM/ES-007', 'GM/ES-053', 'GM/ES-001', 'GM/ES-023', 'GM/ES-004', 'GM/ES-078', 'GM/CS-020', 'GM/CS-092', 'GM/ES-034', 'GM/ES-009', 'GM/CS-037', 'GM/ES-018', 'GM/ES-022', 'GM/ES-028', 'GM/ES-026', 'GM/CS-031', 'GM/CS-078', 'GM/CS-091', 'GM/ES-010', 'GM/CS-051', 'GM/CS-069', 'GM/CS-045', 'GM/ES-067', 'GM/ES-055', 'GM/CS-003', 'GM/CS-023', 'GM/CS-095', 'GM/CS-027', 'GM/CS-038', 'GM/ES-025', 'GM/CS-057', 'GM/CS-030', 'GM/CS-024', 'GM/CS-029', 'GM/ES-027', 'GM/ES-088', 'GM/ES-024', 'GM/CS-035', 'GM/ES-015', 'GM/ES-003', 'GM/ES-066']"
GM4YMI/P,1,Heather Hopper,2023-07-08,"['GM/ES-006', 'GM/ES-036', 'GM/CS-009', 'GM/CS-088', 'GM/ES-012', 'GM/ES-052', 'GM/WS-271', 'GM/CS-086', 'GM/ES-043', 'GM/ES-050', 'GM/CS-061', 'GM/ES-008', 'GM/ES-038', 'GM/CS-014', 'GM/ES-046', 'GM/CS-046', 'GM/WS-277', 'GM/ES-030', 'GM/CS-011', 'GM/ES-011', 'GM/ES-042', 'GM/ES-019', 'GM/ES-017', 'GM/CS-039', 'GM/ES-014', 'GM/CS-060', 'GM/CS-028', 'GM/ES-049', 'GM/ES-002', 'GM/CS-022', 'GM/ES-040', 'GM/CS-077', 'GM/ES-029', 'GM/CS-084', 'GM/CS-036', 'GM/CS-105', 'GM/ES-005', 'GM/CS-112', 'GM/ES-013', 'GM/ES-007', 'GM/ES-053', 'GM/ES-001', 'GM/ES-023', 'GM/ES-004', 'GM/ES-078', 'GM/CS-020', 'GM/CS-092', 'GM/ES-034', 'GM/ES-009', 'GM/CS-037', 'GM/ES-018', 'GM/ES-022', 'GM/ES-028', 'GM/ES-026', 'GM/CS-031', 'GM/CS-078', 'GM/CS-091', 'GM/ES-074', 'GM/ES-010', 'GM/CS-051', 'GM/CS-069', 'GM/CS-045', 'GM/ES-067', 'GM/CS-111', 'GM/ES-055', 'GM/CS-003', 'GM/CS-023', 'GM/CS-095', 'GM/CS-027', 'GM/CS-038', 'GM/ES-025', 'GM/CS-057', 'GM/CS-030', 'GM/CS-024', 'GM/CS-029', 'GM/ES-088', 'GM/ES-024', 'GM/CS-035', 'GM/ES-015', 'GM/ES-003', 'GM/ES-066']"
GM5ALX/P,24,Capercaillie Conqueror,2024-12-18,"['GM/CS-105', 'GM/CS-112', 'GM/CS-009', 'GM/CS-088', 'GM/ES-052', 'GM/WS-271', 'GM/ES-053', 'GM/CS-086', 'GM/CS-061', 'GM/ES-078', 'GM/CS-020', 'GM/ES-038', 'GM/CS-014', 'GM/CS-092', 'GM/ES-009', 'GM/CS-037', 'GM/ES-022', 'GM/ES-046', 'GM/CS-046', 'GM/ES-026', 'GM/CS-031', 'GM/CS-078', 'GM/CS-091', 'GM/WS-277', 'GM/ES-074', 'GM/ES-010', 'GM/CS-051', 'GM/CS-011', 'GM/CS-069', 'GM/CS-045', 'GM/ES-017', 'GM/ES-067', 'GM/CS-039', 'GM/CS-111', 'GM/CS-060', 'GM/CS-028', 'GM/ES-055', 'GM/CS-003', 'GM/CS-023', 'GM/ES-049', 'GM/ES-002', 'GM/CS-095', 'GM/CS-027', 'GM/CS-022', 'GM/ES-025', 'GM/CS-057', 'GM/ES-029', 'GM/CS-024', 'GM/CS-029', 'GM/ES-027', 'GM/ES-088', 'GM/ES-024', 'GM/CS-035', 'GM/ES-015', 'GM/CS-084', 'GM/CS-036', 'GM/ES-003', 'GM/ES-066']"
GM5OLD/P,3,Heather Hopper,2024-10-25,"['GM/ES-006', 'GM/ES-036', 'GM/CS-009', 'GM/CS-088', 'GM/ES-012', 'GM/ES-052', 'GM/WS-271', 'GM/CS-086', 'GM/ES-043', 'GM/ES-050', 'GM/CS-061', 'GM/ES-008', 'GM/ES-038', 'GM/CS-014', 'GM/ES-046', 'GM/CS-046', 'GM/WS-277', 'GM/ES-030', 'GM/CS-011', 'GM/ES-011', 'GM/ES-042', 'GM/ES-019', 'GM/ES-017', 'GM/CS-039', 'GM/ES-014', 'GM/CS-060', 'GM/CS-028', 'GM/ES-049', 'GM/ES-002', 'GM/CS-022', 'GM/ES-040', 'GM/CS-077', 'GM/ES-029', 'GM/CS-084', 'GM/CS-036', 'GM/CS-105', 'GM/ES-005', 'GM/CS-112', 'GM/ES-013', 'GM/ES-007', 'GM/ES-053', 'GM/ES-001', 'GM/ES-023', 'GM/ES-004', 'GM/ES-078', 'GM/CS-020', 'GM/CS-092', 'GM/ES-009', 'GM/CS-037', 'GM/ES-022', 'GM/ES-028', 'GM/ES-026', 'GM/CS-031', 'GM/CS-091', 'GM/ES-074', 'GM/ES-010', 'GM/CS-051', 'GM/CS-069', 'GM/CS-045', 'GM/ES-067', 'GM/CS-111', 'GM/ES-055', 'GM/CS-003', 'GM/CS-023', 'GM/CS-095', 'GM/CS-027', 'GM/CS-038', 'GM/ES-025', 'GM/CS-057', 'GM/CS-030', 'GM/CS-024', 'GM/CS-029', 'GM/ES-027', 'GM/ES-088', 'GM/ES-024', 'GM/CS-035', 'GM/ES-015', 'GM/ES-003', 'GM/ES-066']"
MM7LEF,1,Heather Hopper,2024-11-30,"['GM/ES-006', 'GM/ES-036', 'GM/CS-009', 'GM/CS-088', 'GM/ES-052', 'GM/WS-271', 'GM/CS-086', 'GM/ES-043', 'GM/ES-050', 'GM/CS-061', 'GM/ES-008', 'GM/ES-038', 'GM/CS-014', 'GM/ES-046', 'GM/CS-046', 'GM/WS-277', 'GM/ES-030', 'GM/CS-011', 'GM/ES-011', 'GM/ES-042', 'GM/ES-019', 'GM/ES-017', 'GM/CS-039', 'GM/ES-014', 'GM/CS-060', 'GM/CS-028', 'GM/ES-049', 'GM/ES-002', 'GM/CS-022', 'GM/ES-040', 'GM/CS-077', 'GM/ES-029', 'GM/CS-084', 'GM/CS-036', 'GM/CS-105', 'GM/ES-005', 'GM/CS-112', 'GM/ES-013', 'GM/ES-007', 'GM/ES-053', 'GM/ES-001', 'GM/ES-023', 'GM/ES-004', 'GM/ES-078', 'GM/CS-020', 'GM/CS-092', 'GM/ES-034', 'GM/ES-009', 'GM/CS-037', 'GM/ES-018', 'GM/ES-022', 'GM/ES-028', 'GM/ES-026', 'GM/CS-031', 'GM/CS-078', 'GM/CS-091', 'GM/ES-074', 'GM/ES-010', 'GM/CS-051', 'GM/CS-069', 'GM/CS-045', 'GM/ES-067', 'GM/CS-111', 'GM/ES-055', 'GM/CS-003', 'GM/CS-023', 'GM/CS-095', 'GM/CS-027', 'GM/CS-038', 'GM/ES-025', 'GM/CS-057', 'GM/CS-030', 'GM/CS-024', 'GM/CS-029', 'GM/ES-027', 'GM/ES-088', 'GM/ES-024', 'GM/CS-035', 'GM/ES-015', 'GM/ES-003', 'GM/ES-066']"
